"","gene","log2FoldChange","padj","hgnc_symbol"
"1","ENSG00000025293",0.813903622022349,5.00628163667761e-17,"PHF20"
"2","ENSG00000124795",0.68358274794061,1.95908318629734e-14,"DEK"
"3","ENSG00000173020",-0.796945357008964,1.42292757416652e-12,"GRK2"
"4","ENSG00000067334",0.697384491243863,3.33260420701889e-11,"DNTTIP2"
"5","ENSG00000125977",0.766567651058422,5.53220861171915e-11,"EIF2S2"
"6","ENSG00000203485",-0.912310750565227,6.65226560787028e-11,"INF2"
"7","ENSG00000092020",0.715652082695509,6.66609741010308e-11,"PPP2R3C"
"8","ENSG00000162607",0.600545421134272,6.95247543063189e-11,"USP1"
"9","ENSG00000178966",0.798472257597043,2.59440108929369e-10,"RMI1"
"10","ENSG00000181523",-0.706675539946758,3.4832557577752e-10,"SGSH"
"11","ENSG00000064601",-0.718691405546155,4.05379715510813e-10,"CTSA"
"12","ENSG00000163956",-0.655603698475686,1.04921506233505e-09,"LRPAP1"
"13","ENSG00000123933",-0.953942590177271,3.36986876855661e-09,"MXD4"
"14","ENSG00000182179",-1.29871894148987,3.74512238304683e-09,"UBA7"
"15","ENSG00000114331",0.59259785112791,7.07151635475259e-09,"ACAP2"
"16","ENSG00000137497",-0.78633591535273,7.56354393250564e-09,"NUMA1"
"17","ENSG00000083520",0.591992832016325,9.00093282184545e-09,"DIS3"
"18","ENSG00000081791",-0.638681285695738,1.05252443035819e-08,"DELE1"
"19","ENSG00000119523",0.635603064399492,1.71783018155857e-08,"ALG2"
"20","ENSG00000177058",0.585059902078478,2.0670553483312e-08,"SLC38A9"
"21","ENSG00000170638",-0.875747049991843,6.68195232213061e-08,"TRABD"
"22","ENSG00000115514",0.781042783882219,9.02698060522733e-08,"TXNDC9"
"23","ENSG00000141971",-1.04050497462191,9.93580542072521e-08,"MVB12A"
"24","ENSG00000118197",0.724161592350666,1.05291349801379e-07,"DDX59"
"25","ENSG00000129657",-0.764691661853913,1.2226491120837e-07,"SEC14L1"
"26","ENSG00000104915",-0.943846845793602,1.24500871664427e-07,"STX10"
"27","ENSG00000149091",-0.915448886076743,1.42338424416649e-07,"DGKZ"
"28","ENSG00000124140",-1.28918735712581,1.78374415120005e-07,"SLC12A5"
"29","ENSG00000168763",-1.12540569919498,1.96764941174783e-07,"CNNM3"
"30","ENSG00000092108",0.669605435293408,2.15515426047905e-07,"SCFD1"
"31","ENSG00000124313",-1.10255393288287,2.27085997506949e-07,"IQSEC2"
"32","ENSG00000105373",-0.796434200348167,2.27621088155793e-07,"NOP53"
"33","ENSG00000114650",-0.81263623187748,2.93162673485985e-07,"SCAP"
"34","ENSG00000147813",-1.07086667357381,3.57218367844897e-07,"NAPRT"
"35","ENSG00000182628",0.878949892599575,3.91159715269284e-07,"SKA2"
"36","ENSG00000151835",0.908057074812593,4.31898394462641e-07,"SACS"
"37","ENSG00000138778",1.00038033165519,4.32208287611836e-07,"CENPE"
"38","ENSG00000144231",0.662280362747877,4.45163660248977e-07,"POLR2D"
"39","ENSG00000108061",0.694841522315678,5.10155062423652e-07,"SHOC2"
"40","ENSG00000105875",-1.18499142694307,5.40054049252012e-07,"WDR91"
"41","ENSG00000110713",0.603448304934162,5.41059989882485e-07,"NUP98"
"42","ENSG00000011600",-0.638974098785496,5.43642706596811e-07,"TYROBP"
"43","ENSG00000106009",-1.15391634298467,5.50089964971166e-07,"BRAT1"
"44","ENSG00000172053",-0.596661873696357,6.08874574962122e-07,"QARS"
"45","ENSG00000181061",0.768091556432131,6.39717686999064e-07,"HIGD1A"
"46","ENSG00000197601",0.657089108649086,6.51356254916279e-07,"FAR1"
"47","ENSG00000102218",0.78865184999171,7.49137127201258e-07,"RP2"
"48","ENSG00000213281",0.652237394897896,1.30439751235789e-06,"NRAS"
"49","ENSG00000188419",0.695540530415081,1.40374193715265e-06,"CHM"
"50","ENSG00000140400",-0.824241581358073,1.43819060117477e-06,"MAN2C1"
"51","ENSG00000099624",-1.09513209385512,1.49377540371501e-06,"ATP5F1D"
"52","ENSG00000165813",0.669867443403969,1.56615375810894e-06,"CCDC186"
"53","ENSG00000090776",-1.44478216356606,1.61974332016794e-06,"EFNB1"
"54","ENSG00000137574",0.664051593853499,2.0728910507712e-06,"TGS1"
"55","ENSG00000182154",-1.02822250522335,2.0728910507712e-06,"MRPL41"
"56","ENSG00000159217",0.682355256813921,2.19578783979021e-06,"IGF2BP1"
"57","ENSG00000101166",0.634419042515243,2.26186318590282e-06,"PRELID3B"
"58","ENSG00000240857",0.725209908581711,2.57664123702503e-06,"RDH14"
"59","ENSG00000143207",0.68729885536402,2.99801890898819e-06,"COP1"
"60","ENSG00000050767",-0.867822110058375,3.17662506522025e-06,"COL23A1"
"61","ENSG00000125457",-1.00188456833099,3.31913706494908e-06,"MIF4GD"
"62","ENSG00000125912",-0.818497441138027,3.63969385507654e-06,"NCLN"
"63","ENSG00000206053",0.648979371029384,4.37137170160078e-06,"JPT2"
"64","ENSG00000103502",-0.663781702008623,4.37639331450845e-06,"CDIPT"
"65","ENSG00000102908",0.819744879777102,4.3863457712804e-06,"NFAT5"
"66","ENSG00000110851",0.587985965442485,4.3863457712804e-06,"PRDM4"
"67","ENSG00000198933",-0.77515551696098,4.40920311765239e-06,"TBKBP1"
"68","ENSG00000130511",-0.953966372017299,4.72953545436767e-06,"SSBP4"
"69","ENSG00000167543",-1.18088583921192,4.76721898103483e-06,"TP53I13"
"70","ENSG00000015285",-0.697514386733329,5.09857191530858e-06,"WAS"
"71","ENSG00000132356",0.675452099677473,5.15046761873967e-06,"PRKAA1"
"72","ENSG00000080371",0.622841917776855,5.37064785611784e-06,"RAB21"
"73","ENSG00000103249",-0.638605621673791,5.85774518161395e-06,"CLCN7"
"74","ENSG00000114745",-0.702455456734672,5.87674005891032e-06,"GORASP1"
"75","ENSG00000233927",-0.654781569056611,6.24174174729208e-06,"RPS28"
"76","ENSG00000075568",0.798707299965986,6.31106569699828e-06,"TMEM131"
"77","ENSG00000092853",1.30445791730761,7.11636576452543e-06,"CLSPN"
"78","ENSG00000266714",-1.00794512564705,7.52450774145322e-06,"MYO15B"
"79","ENSG00000173692",0.592497892158718,7.84517742083804e-06,"PSMD1"
"80","ENSG00000133243",-0.794336697691722,8.37806857849024e-06,"BTBD2"
"81","ENSG00000134717",0.59852404191155,8.78938232925146e-06,"BTF3L4"
"82","ENSG00000087053",0.687245478542629,9.1401921245178e-06,"MTMR2"
"83","ENSG00000007541",-1.17405874230383,9.22017420378995e-06,"PIGQ"
"84","ENSG00000244462",0.601256059957854,9.52932404909416e-06,"RBM12"
"85","ENSG00000068028",-0.88281011948571,9.66966912073265e-06,"RASSF1"
"86","ENSG00000134333",0.777254253489147,1.14294891591729e-05,"LDHA"
"87","ENSG00000155330",0.840900653337307,1.26608474006066e-05,"C16orf87"
"88","ENSG00000168936",-0.711318282180952,1.30504829526886e-05,"TMEM129"
"89","ENSG00000137106",-0.648058470224387,1.34156211131855e-05,"GRHPR"
"90","ENSG00000101966",0.656775938218413,1.41266035973879e-05,"XIAP"
"91","ENSG00000170759",0.631248000418395,1.45817986988193e-05,"KIF5B"
"92","ENSG00000127415",-1.24164503382165,1.56635099978382e-05,"IDUA"
"93","ENSG00000183735",0.604932591806342,1.58771151641773e-05,"TBK1"
"94","ENSG00000227500",-0.744412190000721,1.6857871730376e-05,"SCAMP4"
"95","ENSG00000110628",-0.939450139020674,1.77081501659071e-05,"SLC22A18"
"96","ENSG00000103591",0.675952556983551,1.91870659258807e-05,"AAGAB"
"97","ENSG00000110011",-0.90480732457142,1.95649533517755e-05,"DNAJC4"
"98","ENSG00000073169",-0.986544275715237,1.97869133347873e-05,"SELENOO"
"99","ENSG00000197448",-0.600150605694506,2.11684814605808e-05,"GSTK1"
"100","ENSG00000158805",-0.649720872690029,2.41185072753789e-05,"ZNF276"
"101","ENSG00000140688",-0.830911659129248,2.59714183628393e-05,"C16orf58"
"102","ENSG00000176978",-0.690873574328868,2.65796008044136e-05,"DPP7"
"103","ENSG00000140030",0.615305095407755,2.67461705895455e-05,"GPR65"
"104","ENSG00000247596",-0.631605125715999,2.81923959375299e-05,"TWF2"
"105","ENSG00000141582",-0.677669827623428,2.83934495230942e-05,"CBX4"
"106","ENSG00000177728",-0.747378632940622,2.90119558542614e-05,"TMEM94"
"107","ENSG00000087470",0.727540244633924,3.21242863002108e-05,"DNM1L"
"108","ENSG00000072778",-0.937117042527273,3.74263705287633e-05,"ACADVL"
"109","ENSG00000158435",0.589500544165627,3.91519295883549e-05,"CNOT11"
"110","ENSG00000127419",-0.989726242792009,3.91706865791545e-05,"TMEM175"
"111","ENSG00000069956",0.723624616597381,3.96336490034708e-05,"MAPK6"
"112","ENSG00000105135",-0.757962692508363,4.03072798116145e-05,"ILVBL"
"113","ENSG00000076928",-0.718065448011474,4.23346050944245e-05,"ARHGEF1"
"114","ENSG00000062716",0.61129689121375,4.37098303862825e-05,"VMP1"
"115","ENSG00000134001",0.612464632809356,4.63874569173881e-05,"EIF2S1"
"116","ENSG00000165097",0.710223166183852,4.65440743537615e-05,"KDM1B"
"117","ENSG00000101888",0.69066134755501,4.86458666869249e-05,"NXT2"
"118","ENSG00000148343",-0.836771085671012,5.00252195277822e-05,"MIGA2"
"119","ENSG00000163602",0.714953860705302,5.13796314424721e-05,"RYBP"
"120","ENSG00000137309",-0.616562201158659,5.26379907795504e-05,"HMGA1"
"121","ENSG00000166128",0.679480377267646,5.40864901563825e-05,"RAB8B"
"122","ENSG00000147576",-2.04787045589209,5.53933485340231e-05,"ADHFE1"
"123","ENSG00000137841",-0.622394451140345,6.05845601093981e-05,"PLCB2"
"124","ENSG00000139636",-0.986216120785687,6.27485711587661e-05,"LMBR1L"
"125","ENSG00000131943",0.606692882531306,6.33811932299722e-05,"C19orf12"
"126","ENSG00000184640",-0.600837509789375,6.42316516944783e-05,"SEPT9"
"127","ENSG00000065135",0.641794847858632,6.59434787570243e-05,"GNAI3"
"128","ENSG00000163110",0.684355214794809,7.02562703515966e-05,"PDLIM5"
"129","ENSG00000197150",-0.740811383091379,7.02562703515966e-05,"ABCB8"
"130","ENSG00000103152",-1.02839578912754,7.23329012736389e-05,"MPG"
"131","ENSG00000173674",0.73743966801146,7.94071061041069e-05,"EIF1AX"
"132","ENSG00000184743",0.74271516303552,8.80773006653946e-05,"ATL3"
"133","ENSG00000250479",-0.71908647387137,8.86198334342546e-05,"CHCHD10"
"134","ENSG00000071894",-0.6688546031682,9.08977968582953e-05,"CPSF1"
"135","ENSG00000162302",-0.765122837362435,9.14262646247007e-05,"RPS6KA4"
"136","ENSG00000178188",-0.704760162418177,9.28102982986781e-05,"SH2B1"
"137","ENSG00000145734",0.632924702158818,0.000101261316290389,"BDP1"
"138","ENSG00000011114",0.602416014987262,0.000108176857702753,"BTBD7"
"139","ENSG00000198837",-0.706661669241487,0.00010891805100109,"DENND4B"
"140","ENSG00000164151",0.649406231752553,0.000110090545576389,"ICE1"
"141","ENSG00000111860",0.696453420430334,0.000114653548083567,"CEP85L"
"142","ENSG00000126603",-2.97820042390701,0.000118697095813651,"GLIS2"
"143","ENSG00000148481",0.600555618337066,0.000119596649038538,"MINDY3"
"144","ENSG00000166971",0.831280762787522,0.000120111444782865,"AKTIP"
"145","ENSG00000176248",-0.761057300655951,0.000123392928767841,"ANAPC2"
"146","ENSG00000174840",0.638663434916448,0.000124005748609119,"PDE12"
"147","ENSG00000126432",-0.653930379151148,0.000136058559149797,"PRDX5"
"148","ENSG00000149089",0.742442426208535,0.000136058559149797,"APIP"
"149","ENSG00000170142",0.626760949292458,0.000140231295696133,"UBE2E1"
"150","ENSG00000146540",-0.911843401028237,0.000142747812440774,"C7orf50"
"151","ENSG00000120539",0.647317059069832,0.000143267265255156,"MASTL"
"152","ENSG00000142784",-0.661734843357617,0.000148706170840035,"WDTC1"
"153","ENSG00000146731",0.589786456713747,0.000156363681375422,"CCT6A"
"154","ENSG00000153310",0.796074276555498,0.00015721814212212,"FAM49B"
"155","ENSG00000177189",0.643193571550353,0.000161564682719876,"RPS6KA3"
"156","ENSG00000181634",1.43388715522553,0.000163369278901642,"TNFSF15"
"157","ENSG00000198843",0.707697936376922,0.000164417121659537,"SELENOT"
"158","ENSG00000186918",-0.806162245022719,0.00016553583522985,"ZNF395"
"159","ENSG00000140983",-0.654078395855878,0.000167704753837755,"RHOT2"
"160","ENSG00000106290",-0.687794264540195,0.000170065768185436,"TAF6"
"161","ENSG00000197930",0.599917877339846,0.00017306025796806,"ERO1A"
"162","ENSG00000181045",-1.07706122373738,0.000175311711839273,"SLC26A11"
"163","ENSG00000204371",-0.794701014503941,0.000194682393152944,"EHMT2"
"164","ENSG00000012061",-0.585494160918022,0.000204373789681388,"ERCC1"
"165","ENSG00000147421",0.631694279397149,0.000205092869183792,"HMBOX1"
"166","ENSG00000119844",0.593351196639563,0.00021588914294701,"AFTPH"
"167","ENSG00000197372",0.66547524153804,0.00021588914294701,"ZNF675"
"168","ENSG00000171522",1.54005655788115,0.000217678217109936,"PTGER4"
"169","ENSG00000099875",-0.749647419898054,0.000220047586059185,"MKNK2"
"170","ENSG00000148925",0.599532444722944,0.000235663801732859,"BTBD10"
"171","ENSG00000074071",-0.751490128761552,0.000248068000332043,"MRPS34"
"172","ENSG00000105223",-0.850125494250878,0.000268693004648222,"PLD3"
"173","ENSG00000104823",-0.810272844930103,0.000270652862608563,"ECH1"
"174","ENSG00000099800",-0.754394326281237,0.00027100181198051,"TIMM13"
"175","ENSG00000122884",0.6365399768414,0.000272726997933821,"P4HA1"
"176","ENSG00000105429",-0.657445775525159,0.000279921199203772,"MEGF8"
"177","ENSG00000114209",0.714911046702937,0.000296983903543379,"PDCD10"
"178","ENSG00000158716",-0.924142363532689,0.000318052551464991,"DUSP23"
"179","ENSG00000198380",0.645468621217786,0.00032570189038208,"GFPT1"
"180","ENSG00000149932",-0.615550615234997,0.000326131371755534,"TMEM219"
"181","ENSG00000176148",0.857126720916255,0.000327140029125321,"TCP11L1"
"182","ENSG00000069869",0.909159612726373,0.000328014453105942,"NEDD4"
"183","ENSG00000138663",0.593402170104592,0.000330032135268032,"COPS4"
"184","ENSG00000204592",-0.620300981111365,0.000377964307635287,"HLA-E"
"185","ENSG00000071655",-0.689233557391742,0.000393433019926928,"MBD3"
"186","ENSG00000126903",-0.776155496707681,0.000401679226681435,"SLC10A3"
"187","ENSG00000106268",-1.12691950198284,0.000402339221335685,"NUDT1"
"188","ENSG00000154380",0.795663580754148,0.000415841889988079,"ENAH"
"189","ENSG00000138834",-0.658154817444423,0.000423070891396675,"MAPK8IP3"
"190","ENSG00000171045",-1.22791944046016,0.000427777663520633,"TSNARE1"
"191","ENSG00000169660",-1.02475674003553,0.000429334402177406,"HEXD"
"192","ENSG00000185024",-0.597600977265041,0.000430642016313436,"BRF1"
"193","ENSG00000154845",0.618586730321334,0.000430994178150374,"PPP4R1"
"194","ENSG00000172331",0.679275440247334,0.000441060248124601,"BPGM"
"195","ENSG00000008382",-0.951417353098934,0.000452023138045825,"MPND"
"196","ENSG00000115946",0.895036905687351,0.000479137260346546,"PNO1"
"197","ENSG00000125967",-1.13588630874815,0.000506784001613027,"NECAB3"
"198","ENSG00000021762",-1.04266863720548,0.000510390251185798,"OSBPL5"
"199","ENSG00000146826",-0.927843836116696,0.000539375972752538,"C7orf43"
"200","ENSG00000147202",0.76448782723892,0.000569082144235569,"DIAPH2"
"201","ENSG00000160445",-0.603575209808034,0.000572829456319634,"ZER1"
"202","ENSG00000105662",-0.779177617139454,0.000579638797085079,"CRTC1"
"203","ENSG00000155438",0.69193056437445,0.000583568167168648,"NIFK"
"204","ENSG00000163811",0.807918936436326,0.000620550062729811,"WDR43"
"205","ENSG00000178761",-0.704376702481129,0.000620550062729811,"FAM219B"
"206","ENSG00000105926",1.35047742962114,0.000641028524057974,"MPP6"
"207","ENSG00000215440",-1.23611364549052,0.000641541833429078,"NPEPL1"
"208","ENSG00000123213",0.610751763645949,0.000645699597259601,"NLN"
"209","ENSG00000153317",0.613830253523548,0.000649217145843882,"ASAP1"
"210","ENSG00000139734",1.11211917615918,0.000652427457347133,"DIAPH3"
"211","ENSG00000010361",-1.37987742994443,0.000653770947518313,"FUZ"
"212","ENSG00000107443",0.711269297439212,0.00067047428147089,"CCNJ"
"213","ENSG00000196072",0.593393853950805,0.00067047428147089,"BLOC1S2"
"214","ENSG00000235194",-0.705564283377676,0.000680770249870402,"PPP1R3E"
"215","ENSG00000266074",-0.960670169820791,0.00070146532026891,"BAHCC1"
"216","ENSG00000104884",-0.772326956011478,0.000706069187943801,"ERCC2"
"217","ENSG00000164924",0.592643721340912,0.000784133269784482,"YWHAZ"
"218","ENSG00000180448",-0.827036299704217,0.000792330924086139,"ARHGAP45"
"219","ENSG00000214021",-0.669580045934586,0.000801424210508435,"TTLL3"
"220","ENSG00000185818",-1.60898989379927,0.000803264443312472,"NAT8L"
"221","ENSG00000142327",-0.661031289455285,0.000807107169954702,"RNPEPL1"
"222","ENSG00000173992",-0.959057332244171,0.000816059675161466,"CCS"
"223","ENSG00000149823",-0.709676148789531,0.000839647100904155,"VPS51"
"224","ENSG00000185504",-0.806327137606894,0.000844886565503428,"FAAP100"
"225","ENSG00000141295",-0.868764222551511,0.000852479548735542,"SCRN2"
"226","ENSG00000100503",0.621784281458357,0.000900197070924026,"NIN"
"227","ENSG00000094914",-0.764059599646901,0.000910852318599562,"AAAS"
"228","ENSG00000174371",1.27537434784468,0.000914970827954692,"EXO1"
"229","ENSG00000115325",-0.64545442210185,0.00093213951626376,"DOK1"
"230","ENSG00000197530",-1.10222201008874,0.000941328659045136,"MIB2"
"231","ENSG00000047365",0.885348581927326,0.000949828962981506,"ARAP2"
"232","ENSG00000119004",0.729242777338316,0.000953384518807075,"CYP20A1"
"233","ENSG00000141562",-0.590093489634238,0.00096946394830462,"NARF"
"234","ENSG00000104518",-1.11995113437204,0.000997104967542407,"GSDMD"
"235","ENSG00000198796",2.35212277888144,0.000997104967542407,"ALPK2"
"236","ENSG00000173548",-0.719860774916196,0.00101331631011934,"SNX33"
"237","ENSG00000147679",0.606448124790564,0.00104657363336143,"UTP23"
"238","ENSG00000115286",-0.817861408646089,0.00106204957536734,"NDUFS7"
"239","ENSG00000197162",-0.726960173935875,0.0010909718319701,"ZNF785"
"240","ENSG00000172932",-0.604007704973482,0.00109135863378108,"ANKRD13D"
"241","ENSG00000160551",0.630052516078562,0.00109846697352099,"TAOK1"
"242","ENSG00000101350",0.600559845198006,0.00111739864826437,"KIF3B"
"243","ENSG00000172115",0.664314050752883,0.00111739864826437,"CYCS"
"244","ENSG00000124920",-1.09957126743502,0.00113766985985767,"MYRF"
"245","ENSG00000198604",0.720325623624008,0.00115114536444974,"BAZ1A"
"246","ENSG00000164134",0.716217229071889,0.00116438403195509,"NAA15"
"247","ENSG00000127948",-0.783974667717627,0.00116727215339499,"POR"
"248","ENSG00000049449",1.01926011016426,0.00118893614530923,"RCN1"
"249","ENSG00000075275",-0.680299938280947,0.00118981232884149,"CELSR1"
"250","ENSG00000168078",2.56034648050496,0.00121887123847589,"PBK"
"251","ENSG00000144524",-0.681552614735613,0.00124622379824524,"COPS7B"
"252","ENSG00000170871",0.680445306925445,0.00126394352480506,"KIAA0232"
"253","ENSG00000168159",-0.585499134989305,0.00126472174703067,"RNF187"
"254","ENSG00000185947",0.616937552283345,0.00130267870327177,"ZNF267"
"255","ENSG00000108963",-0.992059656653086,0.00131254167991072,"DPH1"
"256","ENSG00000104365",-0.616277785853573,0.00132846596055061,"IKBKB"
"257","ENSG00000115966",0.587622074549364,0.00133814089990423,"ATF2"
"258","ENSG00000104946",-0.667547262544227,0.00135940783953221,"TBC1D17"
"259","ENSG00000205542",0.589414738966845,0.00137813676021378,"TMSB4X"
"260","ENSG00000155850",0.679224715757679,0.00139122838891243,"SLC26A2"
"261","ENSG00000072134",-0.673646152158011,0.00143790141842553,"EPN2"
"262","ENSG00000101773",0.706795698117082,0.00143790141842553,"RBBP8"
"263","ENSG00000183597",-0.682813638713507,0.00143790141842553,"TANGO2"
"264","ENSG00000147536",0.624301156533555,0.00144710809792039,"GINS4"
"265","ENSG00000157353",-0.742339610058923,0.0014610401053436,"FUK"
"266","ENSG00000132600",-0.845768305323689,0.00153685583739254,"PRMT7"
"267","ENSG00000018189",0.616288251978064,0.00156460776679202,"RUFY3"
"268","ENSG00000155115",0.607914893877838,0.00161075210093427,"GTF3C6"
"269","ENSG00000172869",0.649237368395752,0.00161499330849193,"DMXL1"
"270","ENSG00000097007",-0.656706511698524,0.00164154287392217,"ABL1"
"271","ENSG00000122490",-0.727118646816693,0.00166758846069463,"PQLC1"
"272","ENSG00000169733",-1.05229450508367,0.00168822612818943,"RFNG"
"273","ENSG00000123094",1.19136355123836,0.00169047756520757,"RASSF8"
"274","ENSG00000124006",-1.09772668580506,0.0016958207073995,"OBSL1"
"275","ENSG00000135503",0.647930049374194,0.00169885366631955,"ACVR1B"
"276","ENSG00000173456",-0.670758483250031,0.00171611698563387,"RNF26"
"277","ENSG00000104903",-0.828938401351174,0.00172378632266146,"LYL1"
"278","ENSG00000157625",0.612139125795144,0.00172927041059315,"TAB3"
"279","ENSG00000087157",-0.859977456308215,0.0018028035651696,"PGS1"
"280","ENSG00000075826",-1.08689715479511,0.00180781834355139,"SEC31B"
"281","ENSG00000071242",-1.08750203514087,0.00182085963834203,"RPS6KA2"
"282","ENSG00000006282",-1.02624156986531,0.00182662698781062,"SPATA20"
"283","ENSG00000189339",-0.590537666130703,0.00186139940580321,"SLC35E2B"
"284","ENSG00000103490",-0.828166903353418,0.00187213164301994,"PYCARD"
"285","ENSG00000196233",0.639950940492868,0.00187912734776169,"LCOR"
"286","ENSG00000143224",-0.649223392896239,0.00193808696359434,"PPOX"
"287","ENSG00000178163",0.617520944736313,0.00196738849076446,"ZNF518B"
"288","ENSG00000123552",0.624024766233644,0.00198861249937471,"USP45"
"289","ENSG00000165804",-0.858629381548597,0.00202463770858541,"ZNF219"
"290","ENSG00000181396",-0.799723798392192,0.0020502226106113,"OGFOD3"
"291","ENSG00000122359",-0.596203605912498,0.00205742235353285,"ANXA11"
"292","ENSG00000151320",1.24101347033564,0.00208169325801619,"AKAP6"
"293","ENSG00000105519",-1.09131973769118,0.00211971400518033,"CAPS"
"294","ENSG00000168056",-2.21937919480641,0.0021245531000162,"LTBP3"
"295","ENSG00000103245",-0.639979533644183,0.00213530794906447,"CIAO3"
"296","ENSG00000103253",-1.64239307196677,0.00213530794906447,"HAGHL"
"297","ENSG00000171298",-0.644877476266797,0.00219445910155572,"GAA"
"298","ENSG00000173960",0.640770767422335,0.00222162656529552,"UBXN2A"
"299","ENSG00000148341",-0.588054239838856,0.00234849488240752,"SH3GLB2"
"300","ENSG00000225828",-0.899298896917666,0.00234849488240752,"FAM229A"
"301","ENSG00000138378",0.994603348393298,0.00235715856334051,"STAT4"
"302","ENSG00000135723",-0.712038672037379,0.0024132736290231,"FHOD1"
"303","ENSG00000146067",-0.752647930346998,0.00241904820151268,"FAM193B"
"304","ENSG00000146216",4.91323856893766,0.0024378955767928,"TTBK1"
"305","ENSG00000158863",-0.668898375855293,0.00250054316662871,"FAM160B2"
"306","ENSG00000140006",0.668906602691332,0.00261970158074972,"WDR89"
"307","ENSG00000124587",-1.03740367321339,0.00268132468700307,"PEX6"
"308","ENSG00000012822",-0.734953629229029,0.00269700103166938,"CALCOCO1"
"309","ENSG00000143013",-1.04782980917284,0.00270153138316929,"LMO4"
"310","ENSG00000175048",-0.874916460448756,0.00271562277642553,"ZDHHC14"
"311","ENSG00000159450",1.5583960689605,0.00274954383742595,"TCHH"
"312","ENSG00000078237",0.758217413997787,0.00280613099678787,"TIGAR"
"313","ENSG00000109805",1.06208631612256,0.00282640459129531,"NCAPG"
"314","ENSG00000137812",0.988695253862348,0.00284415935823985,"KNL1"
"315","ENSG00000162430",-0.59078833986482,0.00284890829500646,"SELENON"
"316","ENSG00000158555",-1.50351933035721,0.00285014398955145,"GDPD5"
"317","ENSG00000177042",-0.796500702281959,0.00286500549039233,"TMEM80"
"318","ENSG00000269190",-1.84941122680536,0.00288262975979965,"FBXO17"
"319","ENSG00000144579",-0.640145143497447,0.00291933127290482,"CTDSP1"
"320","ENSG00000123416",0.595058222954845,0.00293457588899245,"TUBA1B"
"321","ENSG00000072571",0.857991322445799,0.00293635270428495,"HMMR"
"322","ENSG00000171953",-0.605988295024771,0.00295266871179124,"ATPAF2"
"323","ENSG00000165879",-0.837039758690844,0.00299888695720268,"FRAT1"
"324","ENSG00000164885",-0.690941515164877,0.00306687222156461,"CDK5"
"325","ENSG00000167397",-0.735153506754624,0.00311149042635748,"VKORC1"
"326","ENSG00000108773",-1.02636590554166,0.00313307633833615,"KAT2A"
"327","ENSG00000115257",-2.05269855732108,0.00320416741172834,"PCSK4"
"328","ENSG00000138686",0.707833711906177,0.00321421025953835,"BBS7"
"329","ENSG00000135473",-0.773270109743136,0.00322124773794303,"PAN2"
"330","ENSG00000114933",0.642175725970387,0.00322606505246321,"INO80D"
"331","ENSG00000101986",-0.647727667641172,0.00327486189489959,"ABCD1"
"332","ENSG00000143554",-0.608265743412531,0.00328414216482563,"SLC27A3"
"333","ENSG00000132635",-0.72973709622038,0.00339256329578014,"PCED1A"
"334","ENSG00000126456",-0.649270860540419,0.00344575114645185,"IRF3"
"335","ENSG00000137310",0.890165992046942,0.00349004342677414,"TCF19"
"336","ENSG00000051128",-1.24661220280797,0.00350174290817046,"HOMER3"
"337","ENSG00000109756",0.665108858477705,0.00352820464205043,"RAPGEF2"
"338","ENSG00000188747",-1.28748293794473,0.00357226116854417,"NOXA1"
"339","ENSG00000188542",-0.81593987360877,0.0035755660553553,"DUSP28"
"340","ENSG00000079459",-0.619378775171112,0.00358526003764994,"FDFT1"
"341","ENSG00000172985",-0.799338161827194,0.00358563865046973,"SH3RF3"
"342","ENSG00000143797",1.47161769240469,0.00360201383061605,"MBOAT2"
"343","ENSG00000188130",-0.663402315597744,0.00360201383061605,"MAPK12"
"344","ENSG00000106948",-0.682581612361253,0.0036148776475885,"AKNA"
"345","ENSG00000005810",0.674563967979472,0.00370764479103283,"MYCBP2"
"346","ENSG00000239857",-1.44533142092971,0.00375126597991012,"GET4"
"347","ENSG00000167992",-0.787897881571183,0.00375226769293799,"VWCE"
"348","ENSG00000175305",0.883638977629914,0.00378049724969756,"CCNE2"
"349","ENSG00000113645",2.30534602939947,0.00385077159028711,"WWC1"
"350","ENSG00000059122",-0.677274777946234,0.00387333418046277,"FLYWCH1"
"351","ENSG00000229809",-0.65870620645786,0.00387333418046277,"ZNF688"
"352","ENSG00000103148",-0.585984241802398,0.00391219732354646,"NPRL3"
"353","ENSG00000149418",-1.36924204026595,0.00391219732354646,"ST14"
"354","ENSG00000085433",0.703169289179312,0.00397527822977688,"WDR47"
"355","ENSG00000178922",-1.37710589504674,0.00401079723083545,"HYI"
"356","ENSG00000226742",-1.63779236636231,0.00413252465905088,"HSBP1L1"
"357","ENSG00000008710",-0.808267692803674,0.0041446131038274,"PKD1"
"358","ENSG00000073737",-1.5338879764499,0.00423351013888094,"DHRS9"
"359","ENSG00000131584",-0.665747359825313,0.00424669573700343,"ACAP3"
"360","ENSG00000104866",-0.592277547065227,0.00424702748440746,"PPP1R37"
"361","ENSG00000129480",0.81136225482599,0.00431317620307346,"DTD2"
"362","ENSG00000063245",-0.634475961451641,0.00438599302253909,"EPN1"
"363","ENSG00000067066",0.668456011445338,0.00444899954278081,"SP100"
"364","ENSG00000064961",-0.918283799315743,0.0044561856601571,"HMG20B"
"365","ENSG00000033178",0.784417554620538,0.00450888702328329,"UBA6"
"366","ENSG00000182372",-0.602065579724372,0.00453233639577849,"CLN8"
"367","ENSG00000118762",0.622255614874911,0.0045572910427359,"PKD2"
"368","ENSG00000136045",0.630348213010833,0.00461615535894123,"PWP1"
"369","ENSG00000132005",-0.782792313029873,0.00474310020637829,"RFX1"
"370","ENSG00000240053",-0.944590071822864,0.0048012851805339,"LY6G5B"
"371","ENSG00000172009",-0.648299293996076,0.00492024812565732,"THOP1"
"372","ENSG00000180817",1.11998260576823,0.00494377963326252,"PPA1"
"373","ENSG00000130270",-1.23702800452344,0.00508399731410976,"ATP8B3"
"374","ENSG00000135617",-0.793839772570906,0.00509766959329117,"PRADC1"
"375","ENSG00000172057",-0.779541878474957,0.0052821454128845,"ORMDL3"
"376","ENSG00000183549",-2.73261645406998,0.00531130262198297,"ACSM5"
"377","ENSG00000126264",-0.798477226539745,0.00543701931128752,"HCST"
"378","ENSG00000102543",-0.793162071568432,0.00547467481972903,"CDADC1"
"379","ENSG00000142303",-1.1283542206983,0.00554731847233164,"ADAMTS10"
"380","ENSG00000177595",-1.15231880700497,0.00554731847233164,"PIDD1"
"381","ENSG00000106211",-0.817080925353513,0.00556127893730024,"HSPB1"
"382","ENSG00000173511",-0.590432553020182,0.00565200367989998,"VEGFB"
"383","ENSG00000116032",-2.0905393601092,0.0056824064801248,"GRIN3B"
"384","ENSG00000114346",0.699534200742155,0.00576966467707636,"ECT2"
"385","ENSG00000110492",-1.50529684609832,0.00578362560223882,"MDK"
"386","ENSG00000213930",-0.812263545902854,0.00584456797658595,"GALT"
"387","ENSG00000010327",-1.54575458653955,0.00591102664250311,"STAB1"
"388","ENSG00000110660",1.25290933441795,0.00592007012457151,"SLC35F2"
"389","ENSG00000164163",0.820934267585849,0.00595105478169908,"ABCE1"
"390","ENSG00000004660",-1.25720349324082,0.0059615940505792,"CAMKK1"
"391","ENSG00000156469",0.636696554643464,0.00604963694416872,"MTERF3"
"392","ENSG00000119328",-0.605710349853864,0.00606375166056626,"FAM206A"
"393","ENSG00000123329",-0.740701505476268,0.00607110371059283,"ARHGAP9"
"394","ENSG00000137692",0.591895667648318,0.00620921232997206,"DCUN1D5"
"395","ENSG00000119812",0.730201009115853,0.00622866541591558,"FAM98A"
"396","ENSG00000111785",0.587356377570572,0.00636672746023289,"RIC8B"
"397","ENSG00000075340",3.66290237806086,0.00642466822974825,"ADD2"
"398","ENSG00000114841",-0.851564537353967,0.00644951645255882,"DNAH1"
"399","ENSG00000144504",-1.09292247405018,0.00651446788517166,"ANKMY1"
"400","ENSG00000102125",-0.661137361272542,0.00660401776618863,"TAZ"
"401","ENSG00000077454",-0.630960244384058,0.00663292560255188,"LRCH4"
"402","ENSG00000115750",0.590295383444465,0.00663292560255188,"TAF1B"
"403","ENSG00000146574",0.58925072534944,0.00663292560255188,"CCZ1B"
"404","ENSG00000163577",1.04280867193373,0.00668917369112737,"EIF5A2"
"405","ENSG00000103404",0.768453146966417,0.00678172535303449,"USP31"
"406","ENSG00000120896",-0.79567083398002,0.00682369956834557,"SORBS3"
"407","ENSG00000113302",3.63422654136013,0.00683124281347653,"IL12B"
"408","ENSG00000121005",-1.52723313590763,0.00684595287967977,"CRISPLD1"
"409","ENSG00000057935",0.716546313157284,0.00686455834338571,"MTA3"
"410","ENSG00000172613",-0.714155705080806,0.0069480420480526,"RAD9A"
"411","ENSG00000162032",-0.706984351614527,0.00702725965422133,"SPSB3"
"412","ENSG00000262246",-0.669026929529728,0.00708068175738464,"CORO7"
"413","ENSG00000127418",-0.796021164283545,0.00710192494755145,"FGFRL1"
"414","ENSG00000169727",-0.60176004042687,0.00711416012287286,"GPS1"
"415","ENSG00000130830",-0.691907874115882,0.00715689489125376,"MPP1"
"416","ENSG00000151651",-1.29952452063273,0.0071732451542174,"ADAM8"
"417","ENSG00000128309",-0.712254429413292,0.00718587346033947,"MPST"
"418","ENSG00000164088",-0.768784815936091,0.00725057139359324,"PPM1M"
"419","ENSG00000204899",0.626994654782996,0.0072534226772062,"MZT1"
"420","ENSG00000237172",-2.0272381451104,0.00728194118261868,"B3GNT9"
"421","ENSG00000143382",-0.997179027338351,0.00738016920287487,"ADAMTSL4"
"422","ENSG00000149476",-0.771789743358467,0.00738031235283611,"TKFC"
"423","ENSG00000198324",-0.737994147939319,0.0074281621689638,"PHETA1"
"424","ENSG00000172830",-0.875341027187368,0.00745309996178985,"SSH3"
"425","ENSG00000143153",0.995013435042957,0.00746380931400711,"ATP1B1"
"426","ENSG00000274180",-0.705441146854895,0.00746580570061553,"NATD1"
"427","ENSG00000104112",1.26877741297528,0.00749070664693639,"SCG3"
"428","ENSG00000117691",-0.646039823920569,0.00755375923858167,"NENF"
"429","ENSG00000131748",-0.672814718287428,0.00758691734839149,"STARD3"
"430","ENSG00000111729",1.90247617860874,0.00761786449579353,"CLEC4A"
"431","ENSG00000130005",-1.14227884474345,0.00767283012335982,"GAMT"
"432","ENSG00000157617",0.687960334253706,0.00769685470965023,"C2CD2"
"433","ENSG00000155100",0.591454143416829,0.00771120560266468,"OTUD6B"
"434","ENSG00000089847",-2.16745763156946,0.00774865880181001,"ANKRD24"
"435","ENSG00000005206",-0.927983738742389,0.00782003721146389,"SPPL2B"
"436","ENSG00000169683",-1.22199295376701,0.00792588116747317,"LRRC45"
"437","ENSG00000100564",0.61227288174182,0.00795842303894999,"PIGH"
"438","ENSG00000118193",1.21408944779545,0.00803846681814372,"KIF14"
"439","ENSG00000071539",0.895164606206848,0.00813136775885584,"TRIP13"
"440","ENSG00000059915",-1.50395228594455,0.00820417543352694,"PSD"
"441","ENSG00000168246",0.72375433957606,0.00820417543352694,"UBTD2"
"442","ENSG00000039650",-0.618240340649768,0.00820749440430378,"PNKP"
"443","ENSG00000167615",-0.6361371904611,0.00820773901428749,"LENG8"
"444","ENSG00000173950",-0.696261304030095,0.0082436839871317,"XXYLT1"
"445","ENSG00000106479",-0.863563191360523,0.00838733194160398,"ZNF862"
"446","ENSG00000075399",-0.642701279327289,0.00843127201108073,"VPS9D1"
"447","ENSG00000164976",2.24149928994843,0.00851089752659219,"MYORG"
"448","ENSG00000136159",0.604480363611965,0.00854672103993535,"NUDT15"
"449","ENSG00000173599",-0.685934236629732,0.00859627773246917,"PC"
"450","ENSG00000100324",-0.686479683277374,0.00862762342351928,"TAB1"
"451","ENSG00000214063",-0.745392212129093,0.00873146492414535,"TSPAN4"
"452","ENSG00000125652",-0.930450110547687,0.00881324933757622,"ALKBH7"
"453","ENSG00000169946",2.54529392819409,0.00890732675264276,"ZFPM2"
"454","ENSG00000110092",1.08154743628328,0.0089258234031764,"CCND1"
"455","ENSG00000109062",-1.05748907083567,0.00901976031737009,"SLC9A3R1"
"456","ENSG00000186625",0.651298627701865,0.00914491153009329,"KATNA1"
"457","ENSG00000133131",1.46160253635298,0.0092672683761544,"MORC4"
"458","ENSG00000204387",-0.586418409284974,0.00929584339752164,"C6orf48"
"459","ENSG00000039319",0.58982680228539,0.00930113466272244,"ZFYVE16"
"460","ENSG00000138386",0.643750387058578,0.0093310431525884,"NAB1"
"461","ENSG00000125534",-0.769130323429378,0.00960316417052657,"PPDPF"
"462","ENSG00000100100",-1.59062542021642,0.00969585854301709,"PIK3IP1"
"463","ENSG00000138709",0.594996009748072,0.00972433054537188,"LARP1B"
"464","ENSG00000197712",0.748149621619958,0.00974341118797244,"FAM114A1"
"465","ENSG00000143537",-0.595562125891317,0.00985894600730142,"ADAM15"
"466","ENSG00000092377",3.63805217726519,0.00988776199097324,"TBL1Y"
"467","ENSG00000143819",-0.84404236798089,0.0099441606473456,"EPHX1"
"468","ENSG00000168575",-0.590894048005893,0.00995940807109331,"SLC20A2"
"469","ENSG00000131437",0.829204889625981,0.0100624184702147,"KIF3A"
"470","ENSG00000261221",-0.824989595921676,0.0101035458057411,"ZNF865"
"471","ENSG00000169696",-0.680582768429672,0.0101356575387654,"ASPSCR1"
"472","ENSG00000122254",-1.50925563670492,0.0101463750576792,"HS3ST2"
"473","ENSG00000141577",-1.21362589636821,0.0101468225809182,"CEP131"
"474","ENSG00000125630",0.915760873953748,0.0101579312249385,"POLR1B"
"475","ENSG00000137700",-0.67973626021365,0.0101715768265514,"SLC37A4"
"476","ENSG00000164611",0.859989488361375,0.0102643226876694,"PTTG1"
"477","ENSG00000012124",-1.78149676671236,0.0103890104068702,"CD22"
"478","ENSG00000105227",-1.09676242723894,0.0103890104068702,"PRX"
"479","ENSG00000171425",-0.613636245097481,0.0105527804166929,"ZNF581"
"480","ENSG00000151790",1.85044983741787,0.0107027529287555,"TDO2"
"481","ENSG00000107771",0.674454242609118,0.0109021670610622,"CCSER2"
"482","ENSG00000143578",-1.03155730120294,0.0115606938647196,"CREB3L4"
"483","ENSG00000140650",0.78313512604788,0.011567253536383,"PMM2"
"484","ENSG00000184887",-0.706166039006355,0.0116549058514892,"BTBD6"
"485","ENSG00000137807",1.07614013371588,0.0117336518440146,"KIF23"
"486","ENSG00000168071",-0.962935872847336,0.0118176342825045,"CCDC88B"
"487","ENSG00000138758",0.686323405254611,0.0119099122353653,"SEPT11"
"488","ENSG00000139182",-1.10552700512849,0.0121163358079991,"CLSTN3"
"489","ENSG00000139508",-0.71838276123863,0.0122047542675824,"SLC46A3"
"490","ENSG00000158488",1.78179781728777,0.012288322389114,"CD1E"
"491","ENSG00000134369",0.798475435997165,0.0124073311071607,"NAV1"
"492","ENSG00000103351",-0.629490209968328,0.0125990444485161,"CLUAP1"
"493","ENSG00000104689",1.23639206059185,0.0126618497037768,"TNFRSF10A"
"494","ENSG00000087077",-0.985880019905356,0.0126834641225646,"TRIP6"
"495","ENSG00000118200",0.747830443996753,0.0127374497996296,"CAMSAP2"
"496","ENSG00000196155",-1.80670275576144,0.012979510006403,"PLEKHG4"
"497","ENSG00000149761",-0.649505704815247,0.0129969972217195,"NUDT22"
"498","ENSG00000072163",3.86515420167421,0.0133293634170114,"LIMS2"
"499","ENSG00000109686",0.936818170767211,0.0133293634170114,"SH3D19"
"500","ENSG00000183828",-1.00149036771434,0.0133502764817978,"NUDT14"
"501","ENSG00000149289",1.27234294066474,0.013410840501007,"ZC3H12C"
"502","ENSG00000100629",0.765673805682549,0.013640877317745,"CEP128"
"503","ENSG00000185905",-0.906872426521253,0.0138707376179772,"C16orf54"
"504","ENSG00000151881",0.617639539800974,0.0139572299723745,"TMEM267"
"505","ENSG00000154839",1.2528740467736,0.0139626123100224,"SKA1"
"506","ENSG00000133246",-0.988989496486449,0.0140124666979498,"PRAM1"
"507","ENSG00000171862",0.636398439238259,0.0140441116299481,"PTEN"
"508","ENSG00000064201",-1.32288550264972,0.0142735232206486,"TSPAN32"
"509","ENSG00000189283",-0.973818360246573,0.014638323561164,"FHIT"
"510","ENSG00000136295",-0.636738819973992,0.0146781166290411,"TTYH3"
"511","ENSG00000147535",-0.698456095715485,0.0148089901224387,"PLPP5"
"512","ENSG00000154328",-1.00905493535415,0.0148785029038949,"NEIL2"
"513","ENSG00000132692",-1.30849098732631,0.0149076888720184,"BCAN"
"514","ENSG00000175602",-1.48638109041286,0.0149076888720184,"CCDC85B"
"515","ENSG00000197766",-1.60239534993529,0.0149076888720184,"CFD"
"516","ENSG00000006015",-0.662766018798367,0.0150909492452296,"REX1BD"
"517","ENSG00000105518",0.61888224816026,0.0150909492452296,"TMEM205"
"518","ENSG00000095951",0.739649339016385,0.0152148883976809,"HIVEP1"
"519","ENSG00000108784",-0.66572208352565,0.015215320878249,"NAGLU"
"520","ENSG00000136878",-0.604942987292919,0.0153634980569422,"USP20"
"521","ENSG00000177732",-0.793883663545636,0.0155105873591704,"SOX12"
"522","ENSG00000185813",-1.00938489348008,0.015617143219348,"PCYT2"
"523","ENSG00000177084",-0.686126893777012,0.015743197566697,"POLE"
"524","ENSG00000167930",-0.603320163846236,0.015816937047314,"FAM234A"
"525","ENSG00000177697",-0.585855745194672,0.0158476455391201,"CD151"
"526","ENSG00000134253",-2.57773729704224,0.0160769686045125,"TRIM45"
"527","ENSG00000185324",-0.596495774590749,0.0163078232216899,"CDK10"
"528","ENSG00000092345",4.33144643116198,0.0166839988144041,"DAZL"
"529","ENSG00000204311",-1.76830763614192,0.0166964930470274,"PJVK"
"530","ENSG00000049130",1.122675506101,0.0169693311400353,"KITLG"
"531","ENSG00000092470",1.01897510185342,0.0169855456368326,"WDR76"
"532","ENSG00000130159",-0.653268264272886,0.0170254286306166,"ECSIT"
"533","ENSG00000142082",-0.892243410597912,0.0170961287741446,"SIRT3"
"534","ENSG00000134107",-0.942375847466157,0.0171018115789625,"BHLHE40"
"535","ENSG00000177054",0.588159961788516,0.0171864160187186,"ZDHHC13"
"536","ENSG00000165752",-0.832230981167586,0.0172864604025128,"STK32C"
"537","ENSG00000204590",-0.608768316474982,0.0173417964088891,"GNL1"
"538","ENSG00000187609",-1.02749183901909,0.0175435034407775,"EXD3"
"539","ENSG00000107614",0.698845992559417,0.0176855523486034,"TRDMT1"
"540","ENSG00000169372",-0.85089912157157,0.0177143540988017,"CRADD"
"541","ENSG00000121769",-0.898374551766953,0.0177840778171182,"FABP3"
"542","ENSG00000100246",-0.718954884110477,0.0179377678869235,"DNAL4"
"543","ENSG00000094804",0.989987337938226,0.0185085428645689,"CDC6"
"544","ENSG00000112210",0.635752766779689,0.0186655538361158,"RAB23"
"545","ENSG00000173166",1.04217504293168,0.018715220619495,"RAPH1"
"546","ENSG00000105617",-0.66306790893991,0.0187987719507211,"LENG1"
"547","ENSG00000113504",-0.86675115743387,0.0188912107154344,"SLC12A7"
"548","ENSG00000162910",-0.901548454666899,0.0190199095523757,"MRPL55"
"549","ENSG00000020633",-0.705322548153668,0.0190941631723864,"RUNX3"
"550","ENSG00000158747",-0.732820750873427,0.0191264871879704,"NBL1"
"551","ENSG00000158747",-0.732820750873427,0.0191264871879704,"NBL1"
"552","ENSG00000108479",-0.890896324370519,0.0193722169759884,"GALK1"
"553","ENSG00000198816",-0.931082061182709,0.0195917603942836,"ZNF358"
"554","ENSG00000120549",1.59365671443386,0.0196529004043123,"KIAA1217"
"555","ENSG00000088367",-0.854353590737253,0.0198682600906161,"EPB41L1"
"556","ENSG00000129204",-1.4459076024865,0.0199987847801669,"USP6"
"557","ENSG00000139324",0.650115799730893,0.0199987847801669,"TMTC3"
"558","ENSG00000198873",-1.11629404753548,0.0200419111496075,"GRK5"
"559","ENSG00000114735",-0.761863881737288,0.0201233365442968,"HEMK1"
"560","ENSG00000101638",-2.12591689211073,0.0202294449251773,"ST8SIA5"
"561","ENSG00000111012",1.97071905734948,0.0202294449251773,"CYP27B1"
"562","ENSG00000139793",-1.00052414217715,0.0202849323214699,"MBNL2"
"563","ENSG00000010318",-0.685218155574899,0.0203654986420601,"PHF7"
"564","ENSG00000102221",1.04967015826944,0.0205779544375816,"JADE3"
"565","ENSG00000181007",0.58923650692214,0.0205779544375816,"ZFP82"
"566","ENSG00000118564",0.622583181909729,0.0207315834117158,"FBXL5"
"567","ENSG00000103227",-0.94657136105782,0.0207583014613168,"LMF1"
"568","ENSG00000108021",0.654035877331539,0.020872080520558,"TASOR2"
"569","ENSG00000028116",0.602734023842384,0.0209029309726856,"VRK2"
"570","ENSG00000089195",0.639089662885318,0.0209987046550529,"TRMT6"
"571","ENSG00000168528",-1.34645290703438,0.0213174265429451,"SERINC2"
"572","ENSG00000121903",0.724013367188908,0.0213248119866834,"ZSCAN20"
"573","ENSG00000173137",-0.889202266827309,0.0213266307329572,"ADCK5"
"574","ENSG00000136732",-0.885677568755195,0.0214646043086912,"GYPC"
"575","ENSG00000119969",0.751219902815602,0.0215684913306913,"HELLS"
"576","ENSG00000067365",-0.680322210630414,0.0217068381307697,"METTL22"
"577","ENSG00000172794",-0.726748176260013,0.0218927293753949,"RAB37"
"578","ENSG00000079691",0.807496361516686,0.0220321984971132,"CARMIL1"
"579","ENSG00000105281",-0.985937142949637,0.0220321984971132,"SLC1A5"
"580","ENSG00000139880",-2.34852286319609,0.0220763932356833,"CDH24"
"581","ENSG00000093009",1.02479191396265,0.0221355092087636,"CDC45"
"582","ENSG00000183020",-1.0253779407949,0.0221515940159123,"AP2A2"
"583","ENSG00000266412",0.601228403289284,0.0221719675745514,"NCOA4"
"584","ENSG00000186577",-0.854545731242109,0.0221854097040822,"SMIM29"
"585","ENSG00000146409",-1.42238425919749,0.0223682924344954,"SLC18B1"
"586","ENSG00000052126",0.671302022296476,0.0224006839239104,"PLEKHA5"
"587","ENSG00000116117",1.66916739340408,0.0230382472783662,"PARD3B"
"588","ENSG00000172638",-1.28957471270078,0.0230601574519622,"EFEMP2"
"589","ENSG00000196150",-0.658037310064904,0.0230898284151544,"ZNF250"
"590","ENSG00000175505",-1.89884775621971,0.0231060329893109,"CLCF1"
"591","ENSG00000116157",-0.852883622937629,0.0231736640147161,"GPX7"
"592","ENSG00000101187",1.86636210700745,0.0232839722101806,"SLCO4A1"
"593","ENSG00000142694",-1.30321141886244,0.0233274566861211,"EVA1B"
"594","ENSG00000164023",1.59113883091848,0.0234953856052003,"SGMS2"
"595","ENSG00000067798",1.58071455484539,0.0240054784243561,"NAV3"
"596","ENSG00000103496",-0.840487404462242,0.024167564905222,"STX4"
"597","ENSG00000092067",-1.56766962102081,0.0241813483349753,"CEBPE"
"598","ENSG00000165886",-0.609874623706391,0.0241813483349753,"UBTD1"
"599","ENSG00000143476",0.727233722212689,0.0243941426923532,"DTL"
"600","ENSG00000148814",-0.855825184468944,0.0243941426923532,"LRRC27"
"601","ENSG00000138944",2.71343203291201,0.0245380378756043,"SHISAL1"
"602","ENSG00000165490",1.39061808988048,0.0245973827522208,"DDIAS"
"603","ENSG00000175354",0.596296974155311,0.0246042720987365,"PTPN2"
"604","ENSG00000161010",-0.966287880417878,0.024751048707725,"MRNIP"
"605","ENSG00000131941",-1.85444348725577,0.0248891115982793,"RHPN2"
"606","ENSG00000160791",1.03707758694774,0.0249866596881942,"CCR5"
"607","ENSG00000090674",-0.749960342004511,0.0251158731810486,"MCOLN1"
"608","ENSG00000169919",-0.738644303202969,0.0251555447470187,"GUSB"
"609","ENSG00000162413",-0.606301720204759,0.0253294366300786,"KLHL21"
"610","ENSG00000228300",-0.723455789513071,0.0253368956871196,"C19orf24"
"611","ENSG00000087995",0.631764968073775,0.0253982993370039,"METTL2A"
"612","ENSG00000082014",-1.05284621317258,0.0254508440670821,"SMARCD3"
"613","ENSG00000183426",-0.9467102735736,0.0257022168783402,"NPIPA1"
"614","ENSG00000183426",-0.9467102735736,0.0257022168783402,"NPIPA1"
"615","ENSG00000129173",0.85451649046579,0.0258929605924973,"E2F8"
"616","ENSG00000115041",-4.3590316950238,0.0259439404831749,"KCNIP3"
"617","ENSG00000125378",-0.74120176978103,0.0261239036851534,"BMP4"
"618","ENSG00000117602",1.01808519495392,0.0268839779828918,"RCAN3"
"619","ENSG00000184967",-0.965176674055282,0.0268839779828918,"NOC4L"
"620","ENSG00000143126",-1.09711964348085,0.0271288081667253,"CELSR2"
"621","ENSG00000090238",-1.28499013794291,0.0272075802324556,"YPEL3"
"622","ENSG00000276043",0.880991187185104,0.0273191425696066,"UHRF1"
"623","ENSG00000133315",-1.80609685887784,0.0273826747194664,"MACROD1"
"624","ENSG00000137491",-1.11943265432097,0.0275379566843485,"SLCO2B1"
"625","ENSG00000088826",-0.703530877908377,0.0276531570256311,"SMOX"
"626","ENSG00000162551",4.15625184073114,0.027787739636766,"ALPL"
"627","ENSG00000163235",1.47053641332773,0.0278239346284761,"TGFA"
"628","ENSG00000095383",-0.646516805563895,0.0279143743298489,"TBC1D2"
"629","ENSG00000166435",-0.787137561854508,0.028113597292142,"XRRA1"
"630","ENSG00000117525",1.24148104090306,0.0282145122209097,"F3"
"631","ENSG00000161091",-0.64604729031303,0.0283684558059741,"MFSD12"
"632","ENSG00000177150",0.626673523654364,0.0285141432042146,"FAM210A"
"633","ENSG00000163584",0.619868945879812,0.0292964071956679,"RPL22L1"
"634","ENSG00000166401",0.757357361846891,0.0292964071956679,"SERPINB8"
"635","ENSG00000139629",0.694798600933302,0.0294609038593168,"GALNT6"
"636","ENSG00000154319",-1.92789504040798,0.0294609038593168,"FAM167A"
"637","ENSG00000178226",-1.29375497614505,0.0294644868162323,"PRSS36"
"638","ENSG00000117984",-0.893003239921991,0.0295310960989425,"CTSD"
"639","ENSG00000112137",0.956192073716775,0.0295646600016631,"PHACTR1"
"640","ENSG00000183963",-0.97814854664298,0.029926428202493,"SMTN"
"641","ENSG00000171657",0.766951218979197,0.0300650279577497,"GPR82"
"642","ENSG00000114405",0.604455097399344,0.0300782816660107,"C3orf14"
"643","ENSG00000100065",-2.32004612416002,0.0301993962367599,"CARD10"
"644","ENSG00000157796",-0.706875224851179,0.0303668409659745,"WDR19"
"645","ENSG00000161558",-1.10682023899284,0.0303668409659745,"TMEM143"
"646","ENSG00000212864",-1.47394218255508,0.0303983778595819,"RNF208"
"647","ENSG00000099625",-1.86051935440619,0.03067487267798,"CBARP"
"648","ENSG00000133247",-0.99005716142953,0.03067487267798,"KMT5C"
"649","ENSG00000169607",1.18535407046714,0.0311980448548527,"CKAP2L"
"650","ENSG00000169689",-0.863006595641414,0.0313666854026329,"CENPX"
"651","ENSG00000172232",-2.20710298142362,0.0314851026986833,"AZU1"
"652","ENSG00000105825",1.29518363940649,0.0314869083375542,"TFPI2"
"653","ENSG00000065328",1.00868045201119,0.031510820697794,"MCM10"
"654","ENSG00000058091",1.83159656749711,0.0315682042293613,"CDK14"
"655","ENSG00000140545",-2.09527654215651,0.0315682042293613,"MFGE8"
"656","ENSG00000149554",0.719360796187412,0.0315967550602112,"CHEK1"
"657","ENSG00000147443",-0.681700789212241,0.0317682633458015,"DOK2"
"658","ENSG00000076641",0.711483819076051,0.0318453738255649,"PAG1"
"659","ENSG00000174004",-0.82076196267366,0.0319896264111213,"NRROS"
"660","ENSG00000136261",0.602297121247509,0.0321149905862112,"BZW2"
"661","ENSG00000165312",0.920470845862931,0.0321345528468855,"OTUD1"
"662","ENSG00000026950",-0.996114187109963,0.0324030309647322,"BTN3A1"
"663","ENSG00000160783",-0.644010227126985,0.0324569276580973,"PMF1"
"664","ENSG00000110665",-0.594820766136879,0.0326540702759972,"C11orf21"
"665","ENSG00000138380",-0.68499817353208,0.0327673540287313,"CARF"
"666","ENSG00000170430",-1.01070845702829,0.032994563982585,"MGMT"
"667","ENSG00000176890",0.82576502899619,0.032994563982585,"TYMS"
"668","ENSG00000277161",0.730341497875506,0.033183964063617,"PIGW"
"669","ENSG00000143942",0.945202444260425,0.0333247804360605,"CHAC2"
"670","ENSG00000063761",-0.658230547423361,0.033521790654073,"ADCK1"
"671","ENSG00000253251",0.896793416299719,0.03369702234557,"SHLD3"
"672","ENSG00000172663",-0.986989669710265,0.0342307266936535,"TMEM134"
"673","ENSG00000011426",0.718158606727655,0.0342828506682941,"ANLN"
"674","ENSG00000075426",-0.828103800844393,0.0346736982412134,"FOSL2"
"675","ENSG00000127423",0.944937194960165,0.0348421118867209,"AUNIP"
"676","ENSG00000278619",-1.17880970054455,0.0349011195749232,"MRM1"
"677","ENSG00000171777",-0.882172548890257,0.0351545467954158,"RASGRP4"
"678","ENSG00000160813",-0.689598322631259,0.0352548097273577,"PPP1R35"
"679","ENSG00000185304",0.771356152625533,0.0352890234022134,"RGPD2"
"680","ENSG00000115165",0.665932956035456,0.0355338709800014,"CYTIP"
"681","ENSG00000142731",0.624229917191204,0.0355560375183964,"PLK4"
"682","ENSG00000177685",-1.61305023730763,0.0356129525085549,"CRACR2B"
"683","ENSG00000160781",-0.850398860711774,0.036179925354379,"PAQR6"
"684","ENSG00000164164",0.611039171113349,0.0367605496670645,"OTUD4"
"685","ENSG00000157800",0.858845637681464,0.0368229991920832,"SLC37A3"
"686","ENSG00000148926",0.90568168120452,0.0368241135268781,"ADM"
"687","ENSG00000131435",-2.51360794660324,0.0375891831021584,"PDLIM4"
"688","ENSG00000178175",0.879975996969512,0.0378044479890996,"ZNF366"
"689","ENSG00000104863",-1.11432140290191,0.0378315862049818,"LIN7B"
"690","ENSG00000160094",-0.595264600264239,0.0378378223342084,"ZNF362"
"691","ENSG00000116353",-0.666636110853798,0.0378676949692898,"MECR"
"692","ENSG00000163251",0.966592498767576,0.0379362696777821,"FZD5"
"693","ENSG00000011143",-0.684934017323031,0.038156958918231,"MKS1"
"694","ENSG00000099821",-0.735402618211253,0.0385285618531337,"POLRMT"
"695","ENSG00000152766",3.11173297160774,0.0385285618531337,"ANKRD22"
"696","ENSG00000174886",-0.729535061482792,0.038759210598019,"NDUFA11"
"697","ENSG00000080573",2.44440463381483,0.0388391774591339,"COL5A3"
"698","ENSG00000089685",0.931877114160627,0.0399012299893226,"BIRC5"
"699","ENSG00000119950",-0.608870770173019,0.0399012299893226,"MXI1"
"700","ENSG00000180423",0.590799911339333,0.04005630445821,"HARBI1"
"701","ENSG00000187554",-1.03945416635001,0.0402869714374766,"TLR5"
"702","ENSG00000184205",-0.709735201586495,0.0403230411094981,"TSPYL2"
"703","ENSG00000167037",2.71541257328121,0.0403261849968065,"SGSM1"
"704","ENSG00000159374",-0.953899470780732,0.040843800424868,"M1AP"
"705","ENSG00000133818",0.681713162910676,0.0408462019269936,"RRAS2"
"706","ENSG00000177370",0.626375792226196,0.0409706963836532,"TIMM22"
"707","ENSG00000275342",-0.660320327360736,0.041338117336573,"PRAG1"
"708","ENSG00000135709",-0.685133065386909,0.0416344881033026,"KIAA0513"
"709","ENSG00000203668",0.81841758646609,0.0416637115943657,"CHML"
"710","ENSG00000270629",1.03096495316167,0.0417229862814879,"NBPF14"
"711","ENSG00000261594",-1.39803642987588,0.0417616068375478,"TPBGL"
"712","ENSG00000105732",-0.726181570645632,0.0418380466606131,"ZNF574"
"713","ENSG00000137872",3.65565551256122,0.0419469438344985,"SEMA6D"
"714","ENSG00000119699",-1.44911559139577,0.0422212700912139,"TGFB3"
"715","ENSG00000096092",1.53320110978079,0.0427447574755415,"TMEM14A"
"716","ENSG00000204228",-1.07336219724019,0.0428346874744622,"HSD17B8"
"717","ENSG00000115042",-1.30065363523523,0.0428703617576685,"FAHD2A"
"718","ENSG00000148468",1.70052568138069,0.0428703617576685,"FAM171A1"
"719","ENSG00000203747",1.26762040371952,0.0431981554369869,"FCGR3A"
"720","ENSG00000116544",-2.152031067943,0.0432291869402404,"DLGAP3"
"721","ENSG00000073756",1.38753179212267,0.0433945218072095,"PTGS2"
"722","ENSG00000086288",1.15384573488875,0.0434260993286997,"NME8"
"723","ENSG00000153896",-0.932032783469624,0.0435234849208585,"ZNF599"
"724","ENSG00000120075",-1.10410641221633,0.0435961398518925,"HOXB5"
"725","ENSG00000085465",-1.08144502221193,0.0440370113607306,"OVGP1"
"726","ENSG00000160818",0.822699085901796,0.0441184995640014,"GPATCH4"
"727","ENSG00000102882",-0.689246096194657,0.0442894186326051,"MAPK3"
"728","ENSG00000126453",-0.762542676974289,0.0444098844068523,"BCL2L12"
"729","ENSG00000173531",-1.07241796399665,0.0444850808652749,"MST1"
"730","ENSG00000197467",1.31136698174785,0.0448871149082878,"COL13A1"
"731","ENSG00000131591",-0.795717606761712,0.0450759671712177,"C1orf159"
"732","ENSG00000165113",-1.0332328252231,0.0452150972045746,"GKAP1"
"733","ENSG00000167207",1.41545219062979,0.0452954029182104,"NOD2"
"734","ENSG00000237541",1.56626561187369,0.0458398359313159,"HLA-DQA2"
"735","ENSG00000237541",1.56626561187369,0.0458398359313159,"HLA-DQA2"
"736","ENSG00000011523",-0.730936024615311,0.0462880233623764,"CEP68"
"737","ENSG00000134627",0.82879243387792,0.0464026476691269,"PIWIL4"
"738","ENSG00000101104",-1.10111612003841,0.0466125302374848,"PABPC1L"
"739","ENSG00000007255",-0.686187204603673,0.0473590729421544,"TRAPPC6A"
"740","ENSG00000123892",-0.920097843846232,0.0474419705416636,"RAB38"
"741","ENSG00000137880",-0.978828513999235,0.0475619499554583,"GCHFR"
"742","ENSG00000107281",-1.18474361936693,0.0481910869011271,"NPDC1"
"743","ENSG00000163002",0.688813712164535,0.0482019553282012,"NUP35"
"744","ENSG00000184497",-1.10812505467798,0.0482168161908543,"TMEM255B"
"745","ENSG00000058453",-1.44139832675673,0.0482214531892589,"CROCC"
"746","ENSG00000179409",0.642417525869735,0.0483654357053461,"GEMIN4"
"747","ENSG00000120833",-1.15518650425114,0.0484244839392314,"SOCS2"
"748","ENSG00000140398",-1.03935562917814,0.0486389811144028,"NEIL1"
"749","ENSG00000010278",-1.69428351066758,0.0486442326906563,"CD9"
"750","ENSG00000154359",0.863314342646253,0.0486872448186343,"LONRF1"
"751","ENSG00000160256",-0.632866260876378,0.0488203103760403,"FAM207A"
"752","ENSG00000167555",-0.698191490784833,0.0495505711661612,"ZNF528"
