gene,baseMean,log2FoldChange,lfcSE,stat,pvalue,padj,ABSLFC,FC,hgnc_symbol,entrezgene
ENSG00000063046,4290.453483539862,-0.7094528011166502,0.08955923652214597,-7.921603942450075,2.344661337744468e-15,4.663117637008262e-13,0.7094528011166502,-1.6351837916625223,EIF4B,1975
ENSG00000187037,303.47909218539985,1.6603220691426193,0.23941536995110474,6.934901754560299,4.065035658132274e-12,4.965990699675462e-10,1.6603220691426193,3.16087080566087,GPR141,353345
ENSG00000150977,934.2389863879646,0.7257860138553945,0.10953839822567067,6.625859293287569,3.452339089442222e-11,3.647612019188798e-9,0.7257860138553945,1.6538014204292186,RILPL2,196383
ENSG00000156515,2070.0102020611653,0.6849723775499694,0.10500207752920349,6.523417380570045,6.872327485634342e-11,6.988071948550289e-9,0.6849723775499694,1.6076712000382087,HK1,3098
ENSG00000164111,11890.029139751778,0.5999990177222634,0.09227767456582159,6.502103792118045,7.920441912235623e-11,7.934522697857375e-9,0.5999990177222634,1.5157155345153546,ANXA5,308
ENSG00000198954,428.21086898637435,0.871491723631633,0.13984056436442135,6.232038089896042,4.6040548896002385e-10,4.1438929052601314e-8,0.871491723631633,1.829553652044095,KIF1BP,26128
ENSG00000104408,2230.7861640041865,-0.7455150403576873,0.11978321421396929,-6.223869055859284,4.850419466893631e-10,4.315596899359833e-8,0.7455150403576873,-1.6765726969042256,EIF3E,3646
ENSG00000089006,1865.7870477968754,-0.6695420690597489,0.1101288138745639,-6.079626625438403,1.204627204824846e-9,9.873562617000739e-8,0.6695420690597489,-1.5905680195495202,SNX5,27131
ENSG00000170275,1680.821991311609,-0.7448286772218841,0.12738402185280448,-5.847112270348575,5.001799372714891e-9,3.6564505252214154e-7,0.7448286772218841,-1.6757752560228671,CRTAP,10491
ENSG00000163466,7087.174492532099,0.6623443257983216,0.11352217813345715,5.834492754531778,5.395445244635627e-9,3.902032165157873e-7,0.6623443257983216,1.5826522864765398,ARPC2,10109
ENSG00000017260,1964.3715979606443,0.8234937162817583,0.14154608846470418,5.817848625941394,5.96098453944442e-9,4.242966047970859e-7,0.8234937162817583,1.7696863856697997,ATP2C1,27032
ENSG00000078081,179.071619936109,3.1669350006753216,0.5470738094168579,5.788862391440473,7.086472176817399e-9,4.965670969910802e-7,3.1669350006753216,8.981366720091097,LAMP3,27074
ENSG00000082397,7165.236761619478,0.8422118236282623,0.14551609934046014,5.787757007269428,7.1332497785069e-9,4.972684020851924e-7,0.8422118236282623,1.7927966070890513,EPB41L3,23136
ENSG00000101236,636.8445717523983,0.8479324296361829,0.14970269935349378,5.6641091529950005,1.4779031168802823e-8,9.563235288367913e-7,0.8479324296361829,1.7999195562075918,RNF24,11237
ENSG00000169764,1827.41344541581,0.6593416763763095,0.11692616970445359,5.6389572842665,1.710829653914587e-8,1.0862563492742193e-6,0.6593416763763095,1.5793617725458873,UGP2,7360
ENSG00000163932,1855.0671950193876,0.6373603682351417,0.11371838595401346,5.604725769611993,2.0858494333474736e-8,1.3008417113265883e-6,0.6373603682351417,1.5554805639735956,PRKCD,5580
ENSG00000084070,1947.9769391237078,0.6930555909630836,0.1254926768509487,5.5226775645741135,3.338721034506009e-8,1.9905492526555376e-6,0.6930555909630836,1.6167040324136464,SMAP2,64744
ENSG00000183020,1536.8721043139703,-0.6754501658740607,0.12304786152562884,-5.489328766053976,4.0346403641412234e-8,2.3218926078572724e-6,0.6754501658740607,-1.597095038463596,AP2A2,161
ENSG00000204387,502.25681696681545,-0.7342743101495566,0.13466368253619734,-5.4526528334926905,4.9623890404850415e-8,2.7731962555173432e-06,0.7342743101495566,-1.663560471588744,C6orf48,50854
ENSG00000159399,2321.401668815131,0.8538590720514312,0.1585523674807365,5.385344196485566,7.230614528858836e-8,3.835651928240508e-6,0.8538590720514312,1.8073288981059359,HK2,3099
ENSG00000067225,12383.343535603612,0.7505150478194276,0.13946307470764407,5.381460643921192,7.388385827918751e-8,3.903145700655203e-6,0.7505150478194276,1.6823933443672558,PKM,5315
ENSG00000107863,1400.7773456315742,-0.8158817767189784,0.15170641325775722,-5.378030890050456,7.530489848469561e-8,3.962737148276355e-6,0.8158817767189784,-1.7603737653912148,ARHGAP21,57584
ENSG00000147459,492.8914827208327,0.7785001307747663,0.14761102900333037,5.273997045012145,1.3348405695209918e-7,6.636905831691872e-6,0.7785001307747663,1.7153466195345173,DOCK5,80005
ENSG00000132640,329.7146759083963,-0.780545204216751,0.14950183994114685,-5.220973899211018,1.779846277130652e-7,8.65850397550897e-6,0.780545204216751,-1.7177799108801108,BTBD3,22903
ENSG00000100129,1259.9707173152135,-0.607580760530033,0.116730262149218,-5.204997824414663,1.9399887905015142e-7,9.303690922958326e-6,0.607580760530033,-1.5237019863433736,EIF3L,51386
ENSG00000259330,542.9338058123852,-0.6109049285267296,0.11980653128156545,-5.099095366437082,3.4128058494724896e-7,1.5232602742001964e-5,0.6109049285267296,-1.527216853308645,INAFM2,100505573
ENSG00000117143,226.95413779980325,-0.8461004532807027,0.16660067901373443,-5.078613474384164,3.8019932408681374e-7,1.6640180126052003e-5,0.8461004532807027,-1.7976354162560764,UAP1,6675
ENSG00000136040,3385.3202131138337,0.9157728866610509,0.18479057975544516,4.955733608677453,7.205788684141548e-7,3.007749572973157e-5,0.9157728866610509,1.8865794874657802,PLXNC1,10154
ENSG00000112902,49.644788818612874,-2.4285416032414973,0.4918919646525211,-4.93714428727668,7.927482034598747e-7,3.258701125711655e-5,2.4285416032414973,-5.383489474652663,SEMA5A,9037
ENSG00000159110,671.4312494322279,0.6460455361601306,0.1312300527654827,4.922999896332125,8.522749778918377e-7,3.461311351654418e-5,0.6460455361601306,1.5648729551870657,IFNAR2,3455
ENSG00000105609,2019.641150274049,-0.874402021286722,0.1776773951011902,-4.921290188820787,8.59755394106685e-7,3.481237110748146e-5,0.874402021286722,-1.833248070943604,LILRB5,10990
ENSG00000104419,319.82793949165546,0.8273555731739839,0.1682734524556644,4.916732622407983,8.800061369551117e-7,3.55259790930774e-5,0.8273555731739839,1.7744298904671507,NDRG1,10397
ENSG00000170873,1408.7050364487004,-0.6751359525845844,0.13756119956085236,-4.907895211294137,9.205901588510385e-7,3.69438021017847e-5,0.6751359525845844,-1.5967472353400975,MTSS1,9788
ENSG00000101337,899.4208707613623,0.785637928808422,0.16146869713177928,4.865574211992558,1.1412497699236905e-6,4.486704037339532e-5,0.785637928808422,1.7238544023718438,TM9SF4,9777
ENSG00000165028,44.51210208550944,-1.6969452825909217,0.3504125275882351,-4.842707235013522,1.2808193783183917e-6,4.9775291012580255e-5,1.6969452825909217,-3.2421375119536906,NIPSNAP3B,55335
ENSG00000125753,1256.3076911719027,0.7460103625738042,0.15409721053016012,4.84116720871981,1.2907870087227233e-6,5.001892122053327e-5,0.7460103625738042,1.677148415441479,VASP,7408
ENSG00000092841,3749.2421251263345,0.6631777030528039,0.13750828206909588,4.8228200736270335,1.4154264116629814e-6,5.407408698115865e-5,0.6631777030528039,1.5835667745700128,MYL6,4637
ENSG00000132356,1257.3645323670435,0.5956732535311395,0.12392854721573761,4.806586270185013,1.5352924941574728e-6,5.81604921316125e-5,0.5956732535311395,1.5111776329168691,PRKAA1,5562
ENSG00000261371,5450.8933978310815,0.6098756322521244,0.12694303242730554,4.804325378010583,1.5527414633494753e-6,5.8331320973161963e-5,0.6098756322521244,1.526127643221627,PECAM1,5175
ENSG00000186431,39.63618304540358,3.5174233989957218,0.732387923386501,4.802678043531149,1.565575052332104e-6,5.865051802697887e-5,3.5174233989957218,11.451172332185262,FCAR,2204
ENSG00000054277,441.3346658759349,0.8754353665975091,0.18291314082151805,4.786071479969482,1.700775051757515e-6,6.35394524861012e-5,0.8754353665975091,1.834561624286469,OPN3,23596
ENSG00000165097,484.76398168532313,0.613491389958357,0.12871699745052226,4.766203392789502,1.8772975429687319e-6,6.880371807888653e-5,0.613491389958357,1.5299573011157586,KDM1B,221656
ENSG00000198879,1875.73511245946,-0.7233133474632447,0.1521205718461377,-4.7548687116088395,1.985754194648809e-6,7.219177346352283e-5,0.7233133474632447,-1.6509693618807313,SFMBT2,57713
ENSG00000010278,1733.2123329929532,-1.2804905903264867,0.270629529665637,-4.731525757401765,2.2283853520611155e-6,7.99381525232746e-5,1.2804905903264867,-2.429215686311003,CD9,928
ENSG00000171049,201.01704079960777,1.5460808995379214,0.3322078262365631,4.653956883113786,3.2562492277843417e-6,1.1291670399116778e-4,1.5460808995379214,2.920227769327049,FPR2,2358
ENSG00000104081,2637.8922827842916,-0.8776226788492927,0.18869934551600703,-4.650904731277118,3.3048198017188987e-6,1.1430788490651249e-4,0.8776226788492927,-1.8373451665268024,BMF,90427
ENSG00000028137,3191.9500763116253,0.5883837783518056,0.12685958121268823,4.638071265309811,3.5167553631961833e-6,1.2040658109332957e-4,0.5883837783518056,1.5035613945790638,TNFRSF1B,7133
ENSG00000113273,1863.6582987519657,0.8093900890080992,0.17453695049289633,4.637356655552667,3.5289318352894525e-6,1.205183690415519e-4,0.8093900890080992,1.752470414969739,ARSB,411
ENSG00000166866,43.68466294472983,1.712523513491135,0.36949229243116266,4.634801722718431,3.572797662371381e-6,1.2140330549223758e-4,1.712523513491135,3.277335828772467,MYO1A,4640
ENSG00000197818,359.10763046942,0.6356283636126696,0.1374486304293634,4.62447942643799,3.755403554895312e-6,1.2665356029028477e-4,0.6356283636126696,1.553614276977093,SLC9A8,23315
ENSG00000076770,424.88404035153843,-0.7512775864871638,0.16305625228746518,-4.607474880280428,4.075884250612967e-6,1.3576910986524572e-4,0.7512775864871638,-1.683282810983223,MBNL3,55796
ENSG00000146376,1821.8398300136716,-0.6513135274266479,0.14166903894873425,-4.597430266060735,4.277337188995356e-6,1.414344942395433e-4,0.6513135274266479,-1.5705975235390783,ARHGAP18,93663
ENSG00000100284,747.1605896448183,0.8693521865973151,0.18973878873399005,4.581836915888238,4.60909286429182e-6,1.509282612510474e-4,0.8693521865973151,1.8268424091516045,TOM1,10043
ENSG00000092108,864.4927109217585,0.5915499158534006,0.12937150571559405,4.572489997556679,4.819622382337033e-6,1.5706162192464108e-4,0.5915499158534006,1.5068647327627862,SCFD1,23256
ENSG00000015475,1653.2649534623208,0.6604255926488601,0.14518214659054177,4.548944950589986,5.391554350620565e-6,1.7319567942468533e-4,0.6604255926488601,1.5805488142444581,BID,637
ENSG00000123104,3934.1290000203307,0.6106081572897285,0.1344585700148869,4.541236436042147,5.592526969312267e-6,1.7838050644570542e-4,0.6106081572897285,1.5269027277252307,ITPR2,3709
ENSG00000010327,10262.126774725915,-1.1725559039778666,0.25842046798068413,-4.537395637196626,5.695319901060253e-6,1.8080635291534944e-4,1.1725559039778666,-2.254106849511164,STAB1,23166
ENSG00000119686,448.4446992587396,0.7417138932757088,0.1648970291858892,4.49804279032566,6.85818961333411e-6,2.141101226244433e-4,0.7417138932757088,1.672161153861265,FLVCR2,55640
ENSG00000107679,888.6377572880366,-0.7467165787627627,0.16622173738376464,-4.492291986088317,7.046072807089463e-6,2.1755956311205e-4,0.7467165787627627,-1.6779696002879316,PLEKHA1,59338
ENSG00000163131,15055.27678973458,0.6294191550198124,0.14084000697652585,4.469036664594309,7.857266296804003e-6,2.3986832821213847e-4,0.6294191550198124,1.5469420521693227,CTSS,1520
ENSG00000126759,49.73426969705091,2.5075335419642393,0.561849305374296,4.463000163885147,8.081999115243471e-6,2.450694081492213e-4,2.5075335419642393,5.686470772202332,CFP,5199
ENSG00000204160,474.02239180386204,0.6379899190711044,0.14359874272181478,4.442865633629146,8.87686053799017e-6,2.6797022749057827e-4,0.6379899190711044,1.5561594793035354,ZDHHC18,84243
ENSG00000100916,236.12638502070072,0.9873402823028045,0.2234324025650993,4.418966412067887,9.917405737063688e-6,2.9673229023904717e-4,0.9873402823028045,1.9825266814666311,BRMS1L,84312
ENSG00000073792,1416.1278851715638,-0.6457453146396074,0.1466265655252767,-4.404013094941438,1.0626652443479229e-5,3.137878769554871e-4,0.6457453146396074,-1.564547342604316,IGF2BP2,10644
ENSG00000126860,1055.1998571041454,-0.8210964064682198,0.18725733118517812,-4.384855862632371,1.1606260262584046e-5,3.404838693951988e-4,0.8210964064682198,-1.7667481599706252,EVI2A,2123
ENSG00000103202,96.74845808392912,-0.9900810903971259,0.22676467678811907,-4.366116912124823,1.2647480257639586e-5,3.6514477391763524e-4,0.9900810903971259,-1.9862966326636438,NME4,4833
ENSG00000158869,4677.301162286929,0.803867726792386,0.18412624684408668,4.365850825564703,1.2662888122402464e-5,3.6514477391763524e-4,0.803867726792386,1.7457751138859492,FCER1G,2207
ENSG00000028116,456.71814341639873,0.6870447567230759,0.1576221327537752,4.358808910397899,1.3077223482132194e-5,3.7311470542691097e-4,0.6870447567230759,1.609982220940169,VRK2,7444
ENSG00000137478,1457.3834283920653,-0.644856345751414,0.14838376039540227,-4.34586873949715,1.3872551206001658e-5,3.916751200625604e-4,0.644856345751414,-1.5635835869568038,FCHSD2,9873
ENSG00000122406,3977.1509714138615,-0.5979839013559473,0.13775401658576505,-4.340954377788651,1.4186517952707328e-5,3.984765826035269e-4,0.5979839013559473,-1.513599903023098,RPL5,6125
ENSG00000187688,429.7580511149342,0.9408719470981464,0.2167549527190968,4.340717179908999,1.4201842118818394e-5,3.984765826035269e-4,0.9408719470981464,1.9196881239425319,TRPV2,51393
ENSG00000108773,165.83878311523085,-0.878283911982366,0.20300708099992082,-4.3263708224183,1.5158614908626204e-5,4.218212099264625e-4,0.878283911982366,-1.8381874734079482,KAT2A,2648
ENSG00000021355,1685.3581593382344,0.6309661781376089,0.14617878735407833,4.316400413209511,1.5859418181724124e-5,4.3861507462093465e-4,0.6309661781376089,1.5486017505915182,SERPINB1,1992
ENSG00000137936,102.96623864202937,-1.4222548320085213,0.32948509718337704,-4.316598365652199,1.5845208731115584e-5,4.3861507462093465e-4,1.4222548320085213,-2.680040554929,BCAR3,8412
ENSG00000174600,5052.222804317446,0.737857209184453,0.17166936737676178,4.298129715624116,1.7224535584434326e-5,4.705951903916966e-4,0.737857209184453,1.6676970190833675,CMKLR1,1240
ENSG00000125148,25.51427620006003,3.59616094957877,0.8391148724649017,4.285659887084399,1.8219755352970266e-5,4.947870911517467e-4,3.59616094957877,12.093508524209703,MT2A,4502
ENSG00000188056,50.38155569886222,1.7536302699985453,0.4094489123402803,4.282903720455258,1.844700069217289e-5,4.9995438348887e-4,1.7536302699985453,3.372060147758467,TREML4,285852
ENSG00000167895,423.50728310739566,-0.6940975936692941,0.1621291869616788,-4.28113905137483,1.859391229475414e-5,5.0292813974851e-4,0.6940975936692941,-1.6178721368569904,TMC8,147138
ENSG00000197442,600.7922453489311,-0.6421659806891779,0.15064513528450518,-4.262772770434285,2.019058056533971e-5,5.385747762636178e-4,0.6421659806891779,-1.5606705036727735,MAP3K5,4217
ENSG00000137364,785.9793674937983,0.6039533100834944,0.14201431485582058,4.2527636083493086,2.1114843514917005e-5,5.59915968030858e-4,0.6039533100834944,1.5198756678936751,TPMT,7172
ENSG00000213949,340.1955949881797,1.6270714263520787,0.38290010201324115,4.249336622782651,2.1440451789708473e-5,5.663294336015964e-4,1.6270714263520787,3.0888534545487025,ITGA1,3672
ENSG00000068305,3448.441569718351,-0.7546151061189775,0.17851346305190222,-4.227216778039736,2.365997006893124e-5,6.153412215619733e-4,0.7546151061189775,-1.6871814122737874,MEF2A,4205
ENSG00000160791,439.03299519491964,0.8592479887274928,0.20519326136956254,4.187505881004286,2.820367150749569e-5,7.169670177958116e-4,0.8592479887274928,1.8140924602952,CCR5,1234
ENSG00000095397,57.91120664207305,-1.3713936831065494,0.3283117416143914,-4.177108245849087,2.952385458037512e-5,7.477164969007362e-4,1.3713936831065494,-2.5872037644882253,WHRN,25861
ENSG00000008517,20.504957284931674,2.942692696990902,0.7061664453237979,4.167137530361686,3.084484204322752e-5,7.76807530340054e-4,2.942692696990902,7.6884495651429265,IL32,9235
ENSG00000136160,1438.8485359083925,-1.1413736900316376,0.27418587296925667,-4.162773514445856,3.144051848705681e-5,7.903374944590266e-4,1.1413736900316376,-2.2059096316920095,EDNRB,1910
ENSG00000050438,359.9095909406602,1.017237689443192,0.24441168710202676,4.16198464772496,3.154935663825428e-5,7.910155428995582e-4,1.017237689443192,2.0240398427747555,SLC4A8,9498
ENSG00000122477,170.60282897137898,-1.0679140594819705,0.2566033558063577,-4.1617306840205845,3.158447154434793e-5,7.910155428995582e-4,1.0679140594819705,-2.096400065961926,LRRC39,127495
ENSG00000051382,1069.3212540019924,0.6366588936774555,0.15304783760221977,4.1598685982886545,3.1843073998337514e-5,7.960179903022486e-4,0.6366588936774555,1.55472443410189,PIK3CB,5291
ENSG00000074660,182.1432638673759,-0.9966857880425555,0.23968710459092277,-4.158278726523951,3.206546284673239e-5,8.000983755335956e-4,0.9966857880425555,-1.9954107999094288,SCARF1,8578
ENSG00000071082,2334.8878044172693,-0.5946488986020808,0.14304277588576816,-4.157140372310438,3.222559978013528e-5,8.013409534418287e-4,0.5946488986020808,-1.5101050342129092,RPL31,6160
ENSG00000180155,32.12255695342112,-2.4594162029608926,0.5916207416282118,-4.1570824514912745,3.223376801777247e-5,8.013409534418287e-4,2.4594162029608926,-5.499941230984484,LYNX1,66004
ENSG00000100097,1333.5778994511948,0.6660049650389959,0.16051984661956187,4.149050594456727,3.3385702388335475e-5,8.269198148408252e-4,0.6660049650389959,1.5866731469129376,LGALS1,3956
ENSG00000175782,401.13918617795144,0.712935865301422,0.1718407350747477,4.148817595497991,3.341969594121328e-5,8.269198148408252e-4,0.712935865301422,1.6391363462006885,SLC35E3,55508
ENSG00000136689,845.2668104609634,1.3663421555484274,0.331656014335338,4.119756906223074,3.792723320404794e-5,9.208759458735087e-4,1.3663421555484274,2.578160635754369,IL1RN,3557
ENSG00000111731,631.0373812707107,-0.6129427151009568,0.1489448859306132,-4.11523169306061,3.8679068927699445e-5,9.357705334136088e-4,0.6129427151009568,-1.5293755499666934,C2CD5,9847
ENSG00000162894,150.6112458520868,-1.6889626090983607,0.4126655944404088,-4.0928117872018435,4.2617363207994736e-5,0.0010237250799732165,1.6889626090983607,-3.2242477607763513,FCMR,9214
ENSG00000127838,856.154351492997,0.7447766444124638,0.1822299364642613,4.087015881490626,4.369572185075855e-5,0.0010422238841440187,0.7447766444124638,1.6757148179402057,PNKD,25953
ENSG00000101000,195.82777950513122,1.4962152728742715,0.3662635977917867,4.085077746996957,4.406206054042024e-5,0.001049111455543386,1.4962152728742715,2.821016829808039,PROCR,10544
ENSG00000142227,524.0427906809808,0.5859573066657026,0.14352997665564732,4.082473364233265,4.4558920366310903e-5,0.001057219015849103,0.5859573066657026,1.501034677091712,EMP3,2014
ENSG00000185989,942.908887644865,-0.631587745663225,0.15473865921828475,-4.0816415810625895,4.471872300850187e-5,0.0010591523817285102,0.631587745663225,-1.5492690904759017,RASA3,22821
ENSG00000144959,3018.568918515553,0.766892743319637,0.18807035121503202,4.07769081285334,4.548519739634097e-5,0.001073545915511545,0.766892743319637,1.701600949356933,NCEH1,57552
ENSG00000146090,22.049055141684864,-2.045039532731015,0.504491928435812,-4.0536615502882345,5.042215101484051e-5,0.001181818319453558,2.045039532731015,-4.126845799488989,RASGEF1C,255426
ENSG00000156011,708.9312749594493,1.218011618121914,0.3006711623652365,4.0509758519586585,5.10044716362562e-5,0.00119339874465178,1.218011618121914,2.3262588165417486,PSD3,23362
ENSG00000153012,100.5406634689695,-1.773264361857552,0.4389648919857054,-4.0396496262742065,5.3531109130871514e-5,0.0012439084534122103,1.773264361857552,-3.4182652748327063,LGI2,55203
ENSG00000172936,680.3749399753219,0.5946737660124131,0.14728901429551386,4.037461781224818,5.403264405099338e-5,0.0012534090534230436,0.5946737660124131,1.5101310637784857,MYD88,4615
ENSG00000111679,1603.5460350077888,0.6795674523161215,0.16854261198301546,4.032021601662395,5.529910274730933e-5,0.0012740461082702069,0.6795674523161215,1.6016594749097037,PTPN6,5777
ENSG00000152642,252.72816026055384,-0.6832007983529865,0.1695877366008361,-4.028597893024879,5.611049587496709e-5,0.001290541405124243,0.6832007983529865,-1.605698247477634,GPD1L,23171
ENSG00000110934,356.4627125577049,1.1834879661497906,0.29430485274769996,4.0212995304034775,5.7877952574375284e-5,0.0013289328193817512,1.1834879661497906,2.2712522854126376,BIN2,51411
ENSG00000105738,144.1316770169587,0.8490989626646469,0.21145215591126423,4.0155606785157145,5.930463766036251e-5,0.0013547904049303083,0.8490989626646469,1.8013755220583398,SIPA1L3,23094
ENSG00000131370,347.9097109677284,0.9785143350897847,0.2442452586712407,4.006277707961102,6.168312165848541e-5,0.0013996686867606657,0.9785143350897847,1.970435240290144,SH3BP5,9467
ENSG00000117643,108.05894767083053,-1.0116216292899427,0.25353227657719085,-3.9901098311715066,6.604270629752368e-5,0.0014861257237399506,1.0116216292899427,-2.016176064819898,MAN1C1,57134
ENSG00000170909,181.00305743698289,0.9623175068420068,0.2411536087693227,3.9904752483406494,6.594103079817152e-5,0.0014861257237399506,0.9623175068420068,1.9484372999825623,OSCAR,126014
ENSG00000091622,41.55832865001033,-2.8293640579283674,0.7103403375274405,-3.9831105013363666,6.801910909754121e-5,0.0015255231035408744,2.8293640579283674,-7.107607714891113,PITPNM3,83394
ENSG00000187678,87.79555648217,1.2027526222529468,0.30593813924159224,3.931358885932038,8.446707014883073e-5,0.0018574514742972145,1.2027526222529468,2.301784263736995,SPRY4,81848
ENSG00000162714,178.6115381779041,-0.7331163040118708,0.18656439547155107,-3.929561705270085,8.510083704816953e-5,0.0018683501951939035,0.7331163040118708,-1.6622257194388048,ZNF496,84838
ENSG00000108518,4276.486926280925,0.6595544872188295,0.16812409359444552,3.923021817502425,8.744522911790908e-5,0.0018982492433235992,0.6595544872188295,1.5795947601770013,PFN1,5216
ENSG00000196611,468.45934157754516,2.950247113576574,0.7530257709649826,3.917856768428935,8.933976213303872e-5,0.001933169508939545,2.950247113576574,7.728814356333191,MMP1,4312
ENSG00000276231,41.07821176060141,1.7193267183811818,0.43905443290752183,3.915976219612214,9.003912348632458e-5,0.0019451902652221304,1.7193267183811818,3.292827003210073,PIK3R6,146850
ENSG00000148344,20.028411519306317,3.502023646083243,0.8974968734814478,3.901989800252639,9.540517871676392e-5,0.002044785478550737,3.502023646083243,11.329589198607948,PTGES,9536
ENSG00000091409,569.041225441592,-0.9346959184216376,0.2396476618311011,-3.9002922510480937,9.607663964473714e-5,0.0020559184723978243,0.9346959184216376,-1.9114877021759167,ITGA6,3655
ENSG00000139629,712.8063330856536,0.9657649275591268,0.24783728881936753,3.896770062970669,9.748409179470089e-5,0.0020710219444439754,0.9657649275591268,1.9530987944700609,GALNT6,11226
ENSG00000154127,1361.2492019824858,0.7752325835830798,0.19937845015804198,3.8882466132552116,1.0097100660732612e-4,0.0021303149662363157,0.7752325835830798,1.7114659425169796,UBASH3B,84959
ENSG00000221963,767.7826291146239,-0.6080775894616297,0.15644616573291822,-3.8868168268165015,1.0156733652070632e-4,0.0021362311961213567,0.6080775894616297,-1.5242268024499779,APOL6,80830
ENSG00000136286,411.02259007718163,1.275914764676552,0.32830523834480313,3.8863673668725336,1.0175548129057097e-4,0.0021368651071019904,1.275914764676552,2.421523098578823,MYO1G,64005
ENSG00000157227,13695.95524324075,0.8512067264213783,0.21912328112926452,3.8846019557330247,1.0249767413893674e-4,0.002149114023341055,0.8512067264213783,1.804009238041035,MMP14,4323
ENSG00000113504,837.0310969605423,-0.6281436573797949,0.1622124051348159,-3.8723527763350787,1.0778978567556971e-4,0.0022461464737694985,0.6281436573797949,-1.54557499335767,SLC12A7,10723
ENSG00000100060,138.7667295921691,-0.9302192593769443,0.24031890697452002,-3.8707701823709253,1.0849203729447189e-4,0.002254202408404733,0.9302192593769443,-1.9055655800693578,MFNG,4242
ENSG00000164904,315.78323744187253,-0.6814377895317917,0.17636308302508294,-3.8638346406933435,1.1162079831068879e-4,0.0023046712616087866,0.6814377895317917,-1.6037372431709171,ALDH7A1,501
ENSG00000136938,2011.6544896118357,-0.5868855373613637,0.15197084034532252,-3.8618299143953334,1.1254090761870182e-4,0.002320126882066042,0.5868855373613637,-1.5020007542918146,ANP32B,10541
ENSG00000124766,88.31653432532254,-1.5307120661455367,0.39642231737809247,-3.8613165784145345,1.1277766139311175e-4,0.0023214689386308117,1.5307120661455367,-2.889284093421804,SOX4,6659
ENSG00000113971,139.53253936928837,-0.9155758837037614,0.23731276768114382,-3.8580978707978315,1.1427289120188072e-4,0.0023451086200519497,0.9155758837037614,-1.8863218887680449,NPHP3,27031
ENSG00000123358,21.039592989195746,-2.2898665007542296,0.5957081303654496,-3.843940319144987,1.2107446182365897e-4,0.0024659804543722347,2.2898665007542296,-4.890108585463328,NR4A1,3164
ENSG00000140563,15.56748825127496,3.5180338263845314,0.9223990224616714,3.814004287424011,1.3673309391642403e-4,0.002747664728270013,3.5180338263845314,11.456018531866823,MCTP2,55784
ENSG00000085514,1493.1534769743075,0.9656399970407405,0.2535030586066473,3.8091847978019615,1.3942572435859694e-4,0.002785219344498766,0.9656399970407405,1.952929672740553,PILRA,29992
ENSG00000135677,11793.691506891546,0.5902299033030972,0.15519195148366455,3.8032249589001696,1.4282454856413026e-4,0.0028405282276195553,0.5902299033030972,1.5054866378691816,GNS,2799
ENSG00000116544,6.3738240320209725,-4.101356154158443,1.0797278026455654,-3.7985093503281457,1.4556893848942184e-4,0.0028908580383714255,4.101356154158443,-17.1645026996905,DLGAP3,58512
ENSG00000265148,37.609972903583575,1.5676735927392684,0.4144942399698883,3.782136014370561,1.5548835762615163e-4,0.0030698168591767514,1.5676735927392684,2.9642632842849013,TSPOAP1-AS1,NA
ENSG00000140406,373.7393262925961,0.7155857666695649,0.18937258802183654,3.7787188428087104,1.5763728280875961e-4,0.0031007995133023516,0.7155857666695649,1.6421498320872083,TLNRD1,59274
ENSG00000255819,10.982426040762267,-2.6404465542986046,0.6995170938292943,-3.774670522837806,1.6021928100268937e-4,0.0031357533375982218,2.6404465542986046,-6.235246321030113,KLRC4-KLRK1,NA
ENSG00000035403,576.0985025138577,0.7753952286352228,0.20553267059835292,3.7726130175697556,1.6154675033343825e-4,0.00315398458259514,0.7753952286352228,1.7116588988597785,VCL,7414
ENSG00000163191,3455.3604464139376,0.7098512443460503,0.18906384462096953,3.7545583914742786,1.736473618117427e-4,0.003348351635860312,0.7098512443460503,1.6356354587646138,S100A11,6282
ENSG00000234741,396.1942252673587,-0.740693738640034,0.1973587286998006,-3.7530325794036306,1.747081388522367e-4,0.0033609571405940957,0.740693738640034,-1.6709791577193915,GAS5,NA
ENSG00000167077,14.581597143140343,2.836044470706909,0.757337473386282,3.7447565588245713,1.8056877515660875e-4,0.0034638469719403923,2.836044470706909,7.14059587543928,MEI1,150365
ENSG00000266074,19.164198463146544,-1.8748138220395223,0.5035276599520808,-3.72335816113447,1.9659032545977638e-4,0.0037341117437050785,1.8748138220395223,-3.667542850537354,BAHCC1,57597
ENSG00000053108,22.970640685773855,-3.060617390329262,0.8225906730121708,-3.720705194871542,1.986672457114204e-4,0.0037629913599457276,3.060617390329262,-8.343295772598022,FSTL4,23105
ENSG00000100600,7668.04631174423,-0.8060586453380867,0.21725840073632183,-3.710137985947752,2.0714631264279182e-4,0.003898796586614563,0.8060586453380867,-1.7484283127261608,LGMN,5641
ENSG00000146535,1351.7614250240188,0.807479330376841,0.21789885804976564,3.705752924103998,2.1076368582136694e-4,0.003947878236908817,0.807479330376841,1.750150914739348,GNA12,2768
ENSG00000164830,444.9938975522921,-0.5920985051228302,0.1602274091263064,-3.6953634109884548,2.1957249783565092e-4,0.004084592105542424,0.5920985051228302,-1.507437831711245,OXR1,55074
ENSG00000266709,37.45176082599966,2.7521975059106594,0.744886418770902,3.6947881402535385,2.2007020524868925e-4,0.004088227274427573,2.7521975059106594,6.737425923824643,NA,NA
ENSG00000085563,18.680426067394354,-3.01503772501884,0.817017093240874,-3.6902994441144976,2.2399022609717777e-4,0.0041410939674124,3.01503772501884,-8.083822952939558,ABCB1,5243
ENSG00000135185,179.98736422376123,-0.7603998033307892,0.20606323425974604,-3.690128450436204,2.2414084473128344e-4,0.0041410939674124,0.7603998033307892,-1.6939599942013743,TMEM243,79161
ENSG00000175274,366.65430752885686,-0.6146278517360483,0.1665178869769164,-3.6910620408079717,2.2331965390081672e-4,0.0041410939674124,0.6146278517360483,-1.5311629772686561,TP53I11,9537
ENSG00000017483,24.95077060536439,-1.8844362786868079,0.5110343519181269,-3.6874943369535256,2.2647313214409546e-4,0.00417847563317428,1.8844362786868079,-3.6920863084351114,SLC38A5,92745
ENSG00000136848,14.448746958029735,-2.5522078570595648,0.6922537148222117,-3.6868099114716006,2.2708285136186374e-4,0.004184017005201424,2.5522078570595648,-5.865312015849825,DAB2IP,153090
ENSG00000063176,74.36572910652548,1.2114607642265571,0.32965614122345743,3.674922480529093,2.3792164230904608e-4,0.004349011686333171,1.2114607642265571,2.3157199045479295,SPHK2,56848
ENSG00000172840,110.25058661206488,0.8340364303266636,0.22715650197639095,3.6716379371493733,2.4100094581316146e-4,0.0043985111891730036,0.8340364303266636,1.7826660063556843,PDP2,57546
ENSG00000197183,656.4387109952262,-0.7963588348010442,0.21728334107219516,-3.665070828124112,2.4727014159083477e-4,0.004500782496466285,0.7963588348010442,-1.7367123658437051,NOL4L,140688
ENSG00000143771,244.8667749375042,0.72648368228726945,0.19840362133881911,3.661645273332154,2.506006911951615e-4,0.004549159392917268,0.72648368228726945,1.6546013705492346,CNIH4,29097
ENSG00000154237,210.8214952395781,-0.7113748058294418,0.19456613738765433,-3.656210764014377,2.5597092411600605e-4,0.004615667703659821,0.7113748058294418,-1.6373636878186184,LRRK1,79705
ENSG00000109436,1217.641846470415,0.6688623822930344,0.1831000770334441,3.652987989572847,2.592063597690165e-4,0.004667785365534193,0.6688623822930344,1.5898188429175217,TBC1D9,23158
ENSG00000237398,5.7284275363402974,5.92069316561736,1.627002276747825,3.639019594644999,2.736779771997384e-4,0.004895794925461987,5.92069316561736,60.57678747381275,HLA-DPA3,NA
ENSG00000101493,1176.53307355506,0.6020049877050441,0.16548557205875233,3.6378095094073473,2.7496666597517493e-4,0.004912350317897313,0.6020049877050441,1.5178245004086233,ZNF516,9658
ENSG00000143013,213.40521727582296,-0.8331599516744956,0.22962196664903947,-3.6283982923459592,2.8518505816316594e-4,0.005054839746525107,0.8331599516744956,-1.7815833144990871,LMO4,8543
ENSG00000113328,1166.3024744282052,-0.6519683799415529,0.1798291622711334,-3.6254874999559976,2.884168481990685e-4,0.005105431223879846,0.6519683799415529,-1.5713105939866514,CCNG1,900
ENSG00000115896,276.5833955142082,0.9410630467244724,0.26237483864362715,3.5867122456916656,3.3487351040798315e-4,0.005851200716741039,0.9410630467244724,1.919942422994265,PLCL1,5334
ENSG00000105048,38.697337484750804,2.6514430197750825,0.7401180270054752,3.5824597199758084,3.403741128054551e-4,0.005909139283159146,2.6514430197750825,6.282954009561049,TNNT1,7138
ENSG00000107331,50.599320130019734,-1.4333559082352392,0.40016523718113567,-3.581910108764464,3.410911665782326e-4,0.005913996072825663,1.4333559082352392,-2.700742152488683,ABCA2,20
ENSG00000179912,302.09590082532355,-0.6125928030885043,0.1714145842884259,-3.573749606146361,3.5190546502054856e-4,0.00608589451270831,0.6125928030885043,-1.5290046593978877,R3HDM2,22864
ENSG00000105854,530.2132045671576,-1.1315334439484155,0.31707707074028235,-3.56863850579487,3.5884113696523157e-4,0.006174258952058259,1.1315334439484155,-2.1909148939423906,PON2,5445
ENSG00000112425,109.82487722835658,-0.7534402760059619,0.21131414936973789,-3.565498468763973,3.6316528242587645e-4,0.006208279837242857,0.7534402760059619,-1.6858080487913985,EPM2A,7957
ENSG00000189171,46.66656376403514,-1.3351048293217351,0.37448552070483104,-3.565170762300481,3.63619363971446e-4,0.006208279837242857,1.3351048293217351,-2.5229381331084144,S100A13,6284
ENSG00000253982,140.22435303730967,0.6837566482862696,0.1917845403830019,3.565233396397741,3.635325349591003e-4,0.006208279837242857,0.6837566482862696,1.6063170194284366,NA,NA
ENSG00000125744,104.03854712450557,0.8679483231963229,0.24382264828788078,3.559752669782909,3.712042327057772e-4,0.006306741260192124,0.8679483231963229,1.8250656027400485,RTN2,6253
ENSG00000110446,1037.6063274789328,0.8733035873400679,0.24543977187410937,3.5581176623159574,3.7352199649982914e-4,0.00633815744123424,0.8733035873400679,1.8318528103662264,SLC15A3,51296
ENSG00000135378,69.1274161353544,-1.5379853966640853,0.433868585707859,-3.544818517235705,3.9288349464359937e-4,0.00660044271001247,1.5379853966640853,-2.903887165754879,PRRG4,79056
ENSG00000161381,9.833748329907335,-4.46049734511611,1.2584803813371286,-3.5443519114512183,3.9357953428655556e-4,0.006603932533115853,4.46049734511611,-22.016257520707917,PLXDC1,57125
ENSG00000077782,184.22533998035104,-1.064792251388482,0.3009739783750738,-3.537821632079893,4.034424949375679e-4,0.006744321757151629,1.064792251388482,-2.091868628050825,FGFR1,2260
ENSG00000164649,158.48084509469797,-1.0111356535131164,0.2860705469495934,-3.5345674844718706,4.084431223913436e-4,0.006811078652553059,1.0111356535131164,-2.015497024763766,CDCA7L,55536
ENSG00000100911,396.48180135670765,0.6567089761493532,0.18596420659264618,3.531372989361719,4.134083468829749e-4,0.006876100975512935,0.6567089761493532,1.5764823043019927,PSME2,5721
ENSG00000129038,20.21542722865017,-2.0385249894629784,0.5780949906512355,-3.5262803214512197,4.214406344191836e-4,0.006993329005993912,2.0385249894629784,-4.108252883450196,LOXL1,4016
ENSG00000089486,135.63022349889002,-0.7410865137136058,0.21059909063493173,-3.51894450958604,4.3326732016255666e-4,0.007147609932682086,0.7410865137136058,-1.6714341452897652,CDIP1,29965
ENSG00000076944,262.38209280127427,0.602664228074091,0.17137039554623248,3.516734767129038,4.368901098231842e-4,0.007196713575211624,0.602664228074091,1.5185182297174513,STXBP2,6813
ENSG00000143167,8.707901058734953,-2.5597944624970106,0.73235146464089,-3.4953087227759023,4.735137112481867e-4,0.007694223884151188,2.5597944624970106,-5.896236785789953,GPA33,10223
ENSG00000186583,16.052346933151522,2.5118197841362866,0.7186730333592473,3.4950800538534867,4.7391958706728335e-4,0.007694223884151188,2.5118197841362866,5.703390379572097,SPATC1,375686
ENSG00000100034,554.5719959630424,0.61681355767798,0.17696573008967703,3.485497205393445,4.912233542594909e-4,0.00793704258423579,0.61681355767798,1.5334844716482554,PPM1F,9647
ENSG00000109458,246.45047406560442,-0.7725916876493828,0.2230140890596029,-3.464317841564258,5.315780216969139e-4,0.008497708233367688,0.7725916876493828,-1.7083359191742968,GAB1,2549
ENSG00000179362,12.061276410029908,5.064486284336662,1.4617686878374692,3.4646290664694903,5.309632864804773e-4,0.008497708233367688,5.064486284336662,33.46280049881553,HMGN2P46,NA
ENSG00000118707,66.70115274820492,-1.2069767318204792,0.3489038439654227,-3.4593391637728526,5.415025701731308e-4,0.008625772389895666,1.2069767318204792,-2.308533602073189,TGIF2,60436
ENSG00000173598,253.2307484995153,0.6358263600193954,0.18388834134194992,3.457676301713132,5.448556107551785e-4,0.008658786462812026,0.6358263600193954,1.5538275106438262,NUDT4,11163
ENSG00000106799,4144.440427869176,-0.6006189556204602,0.17380642831633134,-3.455677453582563,5.489117407294003e-4,0.008712284368093712,0.6006189556204602,-1.516366989876721,TGFBR1,7046
ENSG00000110881,79.71158368346256,-1.1478144773624335,0.3322177507913039,-3.45500646677811,5.502796237345106e-4,0.008714264205369464,1.1478144773624335,-2.215779740335736,ASIC1,41
ENSG00000049249,204.02076340371107,2.630834408159681,0.7640102080508789,3.443454525131792,5.743331724290959e-4,0.009010767777182242,2.630834408159681,6.193841255915103,TNFRSF9,3604
ENSG00000051128,49.40601455222077,-1.1492601639453346,0.3338502269979251,-3.442442361893249,5.764867000641956e-4,0.009013186279385181,1.1492601639453346,-2.218001227531133,HOMER3,9454
ENSG00000132623,43.61194446224305,1.3428157869858415,0.3903472686885188,3.440054266288087,5.815975604013859e-4,0.009072116962939265,1.3428157869858415,2.5364589058267852,ANKEF1,63926
ENSG00000136026,321.4989503365247,1.0470730098982886,0.30483157071477934,3.434923119816876,5.927219577152882e-4,0.009224363355744026,1.0470730098982886,2.066333342837933,NA,10970
ENSG00000011422,2000.3626431676319,1.0693747593570437,0.31249734573024274,3.4220282954984222,6.215584480204485e-4,0.009650925890962739,1.0693747593570437,2.0985237039899194,PLAUR,5329
ENSG00000241399,582.9986656703765,-0.6293652643055603,0.1840629239985136,-3.4192940687535898,6.278383506045806e-4,0.00973725441923893,0.6293652643055603,-1.5468842684709505,CD302,9936
ENSG00000047634,451.1114736272417,-0.6446780517043922,0.18882280895729228,-3.4141958551744915,6.39705720621297e-4,0.009853508161369498,0.6446780517043922,-1.563390364957591,SCML1,6322
ENSG00000144283,171.6840447930624,-0.6736755721014276,0.19730368607655954,-3.414409459334794,6.392043441729193e-4,0.009853508161369498,0.6736755721014276,-1.5951317319875722,PKP4,8502
ENSG00000176490,76.25806145555046,-1.4506089586684405,0.4259128547760054,-3.40588207752344,6.595065882384562e-4,0.010100981992454001,1.4506089586684405,-2.7332339626031046,DIRAS1,148252
ENSG00000104231,216.60107367163704,-0.6754761806321927,0.19868290948637374,-3.399769926756176,6.744257544970967e-4,0.010306140004314956,0.6754761806321927,-1.5971238376308228,ZFAND1,79752
ENSG00000101017,735.0182073009257,0.8462275844103679,0.2494968608376607,3.391736399284719,6.945122192133077e-4,0.010541619812166973,0.8462275844103679,1.7977938319186735,CD40,958
ENSG00000042493,2494.1845440533407,0.9684306977446044,0.28574691481472514,3.3891203982815465,7.011721651863092e-4,0.010606993693489535,0.9684306977446044,1.956711010200798,CAPG,822
ENSG00000162747,10.805035730307171,2.9693907866544498,0.8771022312032511,3.3854557439454878,7.106016698239575e-4,0.010713686714268898,2.9693907866544498,7.832054405349273,FCGR3B,2215
ENSG00000183549,19.518218794983294,-1.6812331284550786,0.4986243768952585,-3.371742751374227,7.469418069369284e-4,0.01122702873040963,1.6812331284550786,-3.2070195054874167,ACSM5,54988
ENSG00000125454,675.4947358247304,0.6266404417110703,0.18610384397555482,3.367154747181799,7.594805799286253e-4,0.011361963897073814,0.6266404417110703,1.543965420645597,SLC25A19,60386
ENSG00000135447,57.83384974550677,1.5627464068645371,0.46409541323555664,3.3672955222062244,7.590929603366369e-4,0.011361963897073814,1.5627464068645371,2.954156807619226,PPP1R1A,5502
ENSG00000169093,177.88641561400536,0.7242701587837884,0.21512419789968193,3.3667535584329507,7.60586248943477e-4,0.011365931967637109,0.7242701587837884,1.6520646662052079,ASMTL,8623
ENSG00000185100,20.699837272892943,-1.5863851834791676,0.4716911834996751,-3.363185997476377,7.704843285020037e-4,0.011484319029386722,1.5863851834791676,-3.0029598447814925,ADSSL1,122622
ENSG00000124875,41.161860899572346,2.0801512989708217,0.6186392974611838,3.362462274070683,7.725068096956037e-4,0.011489871507371593,2.0801512989708217,4.2285155938047625,CXCL6,6372
ENSG00000133315,12.992103983796696,-2.080927981104513,0.6189989786451592,-3.3617631900769323,7.744651135992739e-4,0.011497108887284939,2.080927981104513,-4.230792649326176,MACROD1,28992
ENSG00000121933,1573.269740319802,0.8266869687161061,0.24608564438250433,3.359346583546099,7.812701715603998e-4,0.011572724863288988,0.8266869687161061,1.7736077369056957,TMIGD3,57413
ENSG00000160211,744.1861136507504,1.1000795573782278,0.32792729244963775,3.3546447115168836,7.946697631849752e-4,0.011745479647337272,1.1000795573782278,2.1436651341679207,G6PD,2539
ENSG00000136237,14.741405519559656,2.3792320875259905,0.7106366567106924,3.3480289330115443,8.138851396411435e-4,0.012016356581339328,2.3792320875259905,5.20259746496801,RAPGEF5,9771
ENSG00000013364,474.9979656133143,0.7077683116242454,0.21141897169989263,3.34770482484853,8.14837491863702e-4,0.012017297971608186,0.7077683116242454,1.6332756666491448,MVP,9961
ENSG00000166886,217.01282474830919,-0.9188069028432576,0.27489245039979227,-3.3424231968065428,8.305033474853447e-4,0.012195143617146364,0.9188069028432576,-1.8905511762175624,NAB2,4665
ENSG00000171643,19.755926312054275,-1.7367343102818789,0.5199739447463698,-3.3400410305732033,8.376601304010786e-4,0.012260298272233967,1.7367343102818789,-3.332798996924119,S100Z,170591
ENSG00000137094,136.2591557440413,0.7511119625269338,0.2258414872865251,3.3258369467519406,8.815348050426729e-4,0.012819222261717321,0.7511119625269338,1.6830895782104287,DNAJB5,25822
ENSG00000135541,81.44094797530845,-0.9755467295912401,0.2944789603603814,-3.3127892342372185,9.237056085486252e-4,0.013374940738770456,0.9755467295912401,-1.9663862456523462,AHI1,54806
ENSG00000106034,771.9224012031416,0.6222274178349078,0.1878437362860646,3.312473602459261,9.247485254564782e-4,0.013375720917939479,0.6222274178349078,1.5392498391948362,CPED1,79974
ENSG00000115008,2149.8536925270637,1.97304673354026,0.5979074748214018,3.299919831458236,9.67124512984453e-4,0.013855288044069642,1.97304673354026,3.925963427957727,IL1A,3552
ENSG00000159216,1039.5103664957333,0.5866994669557458,0.17809063799856306,3.29438691190763,9.863662546290136e-4,0.014086185034427434,0.5866994669557458,1.501807047472474,RUNX1,861
ENSG00000165457,627.3673280152393,-1.0054097658035437,0.3061896464455146,-3.283617775699195,0.0010248381291422279,0.014543453156893484,1.0054097658035437,-2.007513606149137,FOLR2,2350
ENSG00000133121,298.6410411007157,-0.8266687513293898,0.25204278047555,-3.2798747489201845,0.0010385318164722514,0.014676180027137647,0.8266687513293898,-1.7735853411164861,STARD13,90627
ENSG00000165689,399.7159165583419,-0.7270058270880966,0.2217574048259234,-3.278383545563164,0.0010440343259891824,0.014723170203000732,0.7270058270880966,-1.6552003175461267,ENTR1,10807
ENSG00000106772,368.09377220474937,-1.0597059903505794,0.3238290197119397,-3.2724244148755877,0.001066293791099896,0.015021413782119785,1.0597059903505794,-2.084506672693779,PRUNE2,158471
ENSG00000108932,686.1362917792308,1.6140104738263954,0.4934430566117509,3.2709153613571367,0.0010719998898785583,0.015070401778292747,1.6140104738263954,3.061015762242905,SLC16A6,9120
ENSG00000162909,1047.9591289103716,-0.6144258649525153,0.18890933543139532,-3.2524907440355237,0.0011439832167261643,0.01587709897938124,0.6144258649525153,-1.5309486193989434,CAPN2,824
ENSG00000111863,66.99634159119118,1.6776759812140907,0.5165596458029343,3.2477875398228804,0.0011630608104599785,0.01608907770147789,1.6776759812140907,3.1991219331822194,ADTRP,84830
ENSG00000198682,494.82439086739396,0.7333581565855817,0.2258097791163499,3.24768112105417,0.0011634958586250648,0.01608907770147789,0.7333581565855817,1.6625043973682947,PAPSS2,9060
ENSG00000225774,76.97111356112313,0.938141254641868,0.28893883124881553,3.246850728187521,0.0011668957376534481,0.016119609761006366,0.938141254641868,1.916058028995196,SIRPAP1,NA
ENSG00000146733,87.90391050297366,0.9101543562527101,0.28165004319492587,3.2315079590554356,0.001231388945516536,0.016855570950572503,0.9101543562527101,1.8792465512702343,PSPH,5723
ENSG00000135069,51.73826204432649,-1.0291075443370865,0.31858052329351416,-3.230290206375707,0.0012366462432846874,0.016893337165840516,1.0291075443370865,-2.0407614394580076,PSAT1,29968
ENSG00000140368,93.24247208552303,1.3649793811469833,0.4225538266713646,3.230308886087966,0.0012365654426858962,0.016893337165840516,1.3649793811469833,2.575726446732214,PSTPIP1,9051
ENSG00000145555,325.96244878412114,0.8072955416841235,0.2499422301535144,3.2299285366393784,0.0012382116362486158,0.016897653046040646,0.8072955416841235,1.7499279726400068,MYO10,4651
ENSG00000102794,20.106149427475568,4.947441719644078,1.536195282545434,3.220581247617361,0.001279309245564888,0.017301378237019546,4.947441719644078,30.855199545573935,ACOD1,730249
ENSG00000133392,4.331806296570633,5.56418030294007,1.730840547368692,3.214727267280055,0.001305685117511325,0.01762283984952411,5.56418030294007,47.31351050702269,MYH11,4629
ENSG00000108797,21.422397571266515,1.9004819532611756,0.5915001569004189,3.2129863890824435,0.0013136251466531917,0.017677081077948024,1.9004819532611756,3.733378947385704,CNTNAP1,8506
ENSG00000182796,142.72237016481304,-0.8225454474317632,0.2564144145086025,-3.207875224207286,0.0013371949980661142,0.017940699557387033,0.8225454474317632,-1.7685235709131524,TMEM198B,NA
ENSG00000145916,147.4011364138006,0.6064100510197106,0.18916585877819142,3.205705590514426,0.0013473176101031553,0.018027531624756156,0.6064100510197106,1.5224660433389183,RMND5B,64777
ENSG00000152556,250.09828079661852,0.6737176118218192,0.21028328859523884,3.203857122087415,0.0013559975177968651,0.018103169230685886,0.6737176118218192,1.595178214346732,PFKM,5213
ENSG00000156127,28.20605333614438,1.5694079363440256,0.4902239273371956,3.201410312362261,0.0013675664112250113,0.018221643493011877,1.5694079363440256,2.9678289321410887,BATF,10538
ENSG00000119986,65.79741358480133,-0.9198217626585011,0.28744860983575704,-3.199952030326641,0.0013745046212522759,0.01827807325252289,0.9198217626585011,-1.8918815470539565,AVPI1,60370
ENSG00000198517,140.9613086893832,-0.6865857878223699,0.21478515459101016,-3.1966165870716416,0.0013904962043172382,0.018472564506076945,0.6865857878223699,-1.6094701139304861,MAFK,7975
ENSG00000007264,194.86514807035806,-1.1497405581381102,0.35983184997712114,-3.195216205044698,0.0013972612495622575,0.018489785850371792,1.1497405581381102,-2.218739909164055,MATK,4145
ENSG00000146555,41.180942296376166,-1.7241435489084795,0.5395458824405251,-3.195545745080418,0.0013956665637209198,0.018489785850371792,1.7241435489084795,-3.303839377128769,SDK1,221935
ENSG00000139209,19.01439556024978,-2.427140832450679,0.7598355623565456,-3.194297493688202,0.0014017158853167635,0.01851250550099991,2.427140832450679,-5.378264964390743,SLC38A4,55089
ENSG00000025434,392.5493444620255,1.8319543522742696,0.575513967312465,3.183162279847229,0.0014567594331337322,0.019164605616440265,1.8319543522742696,3.56019028469824,NR1H3,10062
ENSG00000064199,35.443363888717144,1.2155317726840542,0.38185911174788884,3.183194364854054,0.0014565980081311196,0.019164605616440265,1.2155317726840542,2.3222636498342966,SPA17,53340
ENSG00000075884,125.94741385387113,-0.7694651189506218,0.24176810333916487,-3.1826577134171252,0.0014593001600488496,0.019179373532070592,0.7694651189506218,-1.7046376697473755,ARHGAP15,55843
ENSG00000219507,35.31958096260779,1.6060014401568299,0.5065650099166389,3.170375783398691,0.0015224190955202834,0.01981635789010232,1.6060014401568299,3.044069800391404,FTH1P8,NA
ENSG00000122729,633.0780145447354,0.8481851051694101,0.2679600061854266,3.165342161480887,0.001549006777329527,0.02005675111791463,0.8481851051694101,1.80023482412619,ACO1,48
ENSG00000187630,74.21697447788964,0.9607987334811361,0.30355111583975897,3.1651958544877505,0.0015497859300666066,0.02005675111791463,0.9607987334811361,1.9463871941137059,DHRS4L2,317749
ENSG00000205846,8.722231908656072,3.761211125655914,1.1908025282392036,3.1585515116578398,0.0015855528582709119,0.02046089394585478,3.761211125655914,13.559303098004913,CLEC6A,93978
ENSG00000267416,4.666842984256184,5.120245079866596,1.623598789776717,3.1536393794496176,0.0016124820747195042,0.020768769122387214,5.120245079866596,34.781423642681396,NA,NA
ENSG00000155090,315.5034910957632,-1.0698506226414393,0.33948591777135306,-3.151384392215036,0.00162498477366917,0.02089001338317667,1.0698506226414393,-2.099216002129466,KLF10,7071
ENSG00000042286,184.8355874091989,0.8822086411545985,0.2800703140507546,3.1499541254298156,0.0016329610149888791,0.02093285759877687,0.8822086411545985,1.843194914180448,AIFM2,84883
ENSG00000011198,374.91385626143244,0.6070594425277376,0.19313102589798764,3.143251788287958,0.0016708205095430952,0.021377650492961985,0.6070594425277376,1.523151495938829,ABHD5,51099
ENSG00000175352,357.09508594522623,1.0049596027537944,0.31969963970316834,3.1434492816034125,0.0016696934781309952,0.021377650492961985,1.0049596027537944,2.0068873009046624,NRIP3,56675
ENSG00000165895,96.64260198590033,-0.8412257145977924,0.26765719517128905,-3.142922102502958,0.0016727034807313985,0.021381514058044834,0.8412257145977924,-1.7915716157931352,ARHGAP42,143872
ENSG00000081041,531.6963970221267,1.6542216837028239,0.5264877121072188,3.141994856977674,0.0016780098333358455,0.02142908874979601,1.6542216837028239,3.147533392455898,CXCL2,2920
ENSG00000130429,133.16483229115525,0.6382663905992129,0.2032402323338923,3.140452966766146,0.0016868679134198186,0.021521888359518515,0.6382663905992129,1.5564577232176593,ARPC1B,10095
ENSG00000110436,16.31795912629724,3.3066905746652906,1.0532636568556708,3.1394708752572176,0.0016925323818780076,0.02157380577994173,3.3066905746652906,9.8949373624622,SLC1A2,6506
ENSG00000169220,57.378556086386446,1.3324058159172583,0.4247009728739017,3.13727987694736,0.001705232648472532,0.021694794297217802,1.3324058159172583,2.518222598627788,RGS14,10636
ENSG00000156206,18.228528108212902,2.3955975281702706,0.7650050820214199,3.1314792338898405,0.0017392808591882411,0.022065698254842187,2.3955975281702706,5.261949957510287,CFAP161,161502
ENSG00000254986,295.06387094176927,0.6052145576620865,0.19358554615360402,3.1263416597325295,0.0017699578937748817,0.02232920760765998,0.6052145576620865,1.5212049700808856,DPP3,10072
ENSG00000133112,28168.29507107195,-0.6309006575028852,0.2018257651757945,-3.1259668801619918,0.001772215096874183,0.022336847129661188,0.6309006575028852,-1.548531421753652,TPT1,7178
ENSG00000242048,10.685206255217809,4.954998185312646,1.5852530349209126,3.1256828254928073,0.0017739276492726482,0.022337614086371783,4.954998185312646,31.017235127010302,NA,644090
ENSG00000122122,925.0767275100254,0.6267146119516132,0.20060320503041115,3.1241505431411434,0.0017831919742410658,0.022433384427568533,0.6267146119516132,1.5440447993272561,SASH3,54440
ENSG00000101350,465.4744742324167,0.6433300233477373,0.2064454859827275,3.1162222815642586,0.001831841349728664,0.022938724457157826,0.6433300233477373,1.561930243317998,KIF3B,9371
ENSG00000184831,122.30402902385472,0.8583756939007937,0.2764301222740906,3.10521764719144,0.001901390579876552,0.02370046335575322,0.8583756939007937,1.8129959394571067,APOO,79135
ENSG00000135929,198.2176037699466,2.019980632452909,0.6506685535660773,3.1044694282244487,0.0019062062625887985,0.02371622216674417,2.019980632452909,4.05578347168341,CYP27A1,1593
ENSG00000254966,35.22779819253377,-1.5702287716531538,0.507543990201102,-3.093778671344308,0.0019762485726876025,0.024408023467604692,1.5702287716531538,-2.9695179875979476,NA,NA
ENSG00000132514,44.396325440621226,1.5913129233369085,0.5144966091034927,3.0929512365684233,0.0019817669607837592,0.024431555494657756,1.5913129233369085,3.013234438753182,CLEC10A,10462
ENSG00000146670,48.31456167614803,1.3473956318862632,0.4368443064590414,3.0843840974097607,0.0020397406874997906,0.025077684597951972,1.3473956318862632,2.5445237054205037,CDCA5,113130
ENSG00000253535,8.16390615299657,5.056897422375325,1.6400451950717545,3.0833890660885586,0.0020465739688430946,0.02513884319221981,5.056897422375325,33.28724167536454,NA,NA
ENSG00000225541,7.1777365636371275,3.796202318051396,1.2334097868934544,3.0778110879213605,0.0020852706133421715,0.025515599834744662,3.796202318051396,13.892191693010576,NA,NA
ENSG00000163346,569.0383994281666,0.7696838805522094,0.2501759136784294,3.076570678748651,0.0020939665329602103,0.025581574879633136,0.7696838805522094,1.7048961703524785,PBXIP1,57326
ENSG00000130775,414.8916435643773,0.8298416052333192,0.26982693803364016,3.075458704311651,0.002101790317377263,0.025630849641307577,0.8298416052333192,1.7774901993960388,THEMIS2,9473
ENSG00000104870,2592.727476579563,-0.6332006725172454,0.20604273737339118,-3.073152107126967,0.002118104948079268,0.025806532718760378,0.6332006725172454,-1.551002135247021,FCGRT,2217
ENSG00000038210,443.6903174916538,0.6010871049358446,0.19575755032858022,3.0705692011721455,0.002136511697916694,0.026007366519014734,0.6010871049358446,1.5168591253164803,PI4K2B,55300
ENSG00000089195,175.8481406541443,0.6152879822309214,0.2006664314174638,3.066222775202916,0.002167817312813292,0.0262937769851901,0.6152879822309214,1.5318637481368804,TRMT6,51605
ENSG00000168026,36.172335505342836,-1.1989917230614071,0.3914647810959137,-3.0628342087500315,0.0021925149470375478,0.026521978661659926,1.1989917230614071,-2.2957916564017697,TTC21A,199223
ENSG00000100575,145.59258914381013,-0.6733001894982956,0.21992232722896077,-3.061536306849481,0.0022020428464581804,0.026610272737038646,0.6733001894982956,-1.5947167400515296,TIMM9,26520
ENSG00000104154,122.15145121165494,-1.0385080151226047,0.3393871646757836,-3.059950767774883,0.0022137337815372523,0.026706989885378948,1.0385080151226047,-2.0541022735985814,SLC30A4,7782
ENSG00000164604,118.11057124325596,0.8582211476778643,0.2809935391654231,3.05423800926833,0.002256329946842225,0.0271000055071885,0.8582211476778643,1.8128017357898734,GPR85,54329
ENSG00000171766,3476.683561606668,-0.7608712400704652,0.2491761452794664,-3.0535476789606055,0.0022615278133317203,0.02711841485211419,0.7608712400704652,-1.6945136285099702,GATM,2628
ENSG00000177374,68.60821244931265,1.793564049389237,0.5882830927696044,3.048811144554973,0.0022974886157283436,0.02744808837377219,1.793564049389237,3.466702534748739,HIC1,3090
ENSG00000092094,444.97296085083144,-0.6234469516744584,0.2045416298349077,-3.048019868511183,0.002303546964003805,0.02749617752973297,0.6234469516744584,-1.5405515424910832,OSGEP,55644
ENSG00000184916,44.861907239001454,-1.1805054080864301,0.3873442086279723,-3.047690869751084,0.0023060702234359728,0.02750202266468086,1.1805054080864301,-2.2665616583694757,JAG2,3714
ENSG00000170458,3559.21338250036,0.7565603322627313,0.248289363908266,3.047091185679034,0.00231067602032591,0.027532671805187318,0.7565603322627313,1.6894578205695452,CD14,929
ENSG00000226091,6.30448603800557,4.977535244255738,1.636716145706633,3.041171957222152,0.002356592018241264,0.0279811680901623,4.977535244255738,31.50557520147484,LINC00937,NA
ENSG00000107719,359.084328455895,-0.6163371362743136,0.20314814640862133,-3.033929411467951,0.0024139090372036795,0.028536456135614126,0.6163371362743136,-1.5329781524425405,PALD1,27143
ENSG00000214212,20.89160056138823,1.5630073702315834,0.5155258380760852,3.031870092223977,0.002430437772292111,0.02865670482343375,1.5630073702315834,2.9546912216253634,C19orf38,255809
ENSG00000179163,40244.02326706938,0.8663525067134016,0.28598528181854754,3.0293604664001084,0.0024507208160972124,0.028870686687193992,0.8663525067134016,1.8230479486349664,FUCA1,2517
ENSG00000182782,20.549477589188047,4.6539719138379345,1.5388199694539273,3.024377124173573,0.0024914565551111428,0.029325029113423058,4.6539719138379345,25.17590812589011,HCAR2,338442
ENSG00000117090,13.940537896363077,4.702770154510856,1.5557136414304902,3.022902177669808,0.0025036315958562984,0.029440390878452308,4.702770154510856,26.042032659660432,SLAMF1,6504
ENSG00000136859,8.674867375777168,-2.7067952430890037,0.8957243804665412,-3.021906405717303,0.0025118820100158705,0.02946287276969179,2.7067952430890037,-6.528697707088447,ANGPTL2,23452
ENSG00000143889,487.3660809947694,0.5942770341523786,0.19682180998165605,3.019365761384705,0.002533045185372871,0.029685357960990214,0.5942770341523786,1.5097158445396825,HNRNPLL,92906
ENSG00000183742,89.76239774256725,1.0749577688997989,0.35606819195463435,3.0189660104117255,0.002536389859151618,0.029698819441702582,1.0749577688997989,2.106660404068419,MACC1,346389
ENSG00000151388,118.64712131495638,0.8789821072608485,0.29123063414074496,3.0181650012685717,0.002543103976451659,0.02975167662416283,0.8789821072608485,1.8390772833705653,ADAMTS12,81792
ENSG00000109089,26.965098455224748,-1.4498881249222009,0.48162516814710404,-3.0104077212164246,0.0026089721141788432,0.030390817288677586,1.4498881249222009,-2.7318686600951256,CDR2L,30850
ENSG00000102359,130.11183250086705,1.4362122951451213,0.47739241644893265,3.0084522620370424,0.002625820516135685,0.030560754440808094,1.4362122951451213,2.7060946394501046,SRPX2,27286
ENSG00000110852,105.76467546051428,-0.7470867617766597,0.24874877538589166,-3.0033786522875574,0.002670000031286578,0.03096833655499115,0.7470867617766597,-1.6784002079525233,CLEC2B,9976
ENSG00000003989,328.3180660463947,-0.7409507693771359,0.2470405423563602,-2.9993083819752218,0.0027059327193922284,0.031277806920564526,0.7409507693771359,-1.6712768861054703,SLC7A2,6542
ENSG00000115009,679.5320914606962,2.1376817939637816,0.7127058942903949,2.999388402830824,0.0027052220510639683,0.031277806920564526,2.1376817939637816,4.400543730575886,CCL20,6364
ENSG00000117632,783.604187057148,-0.7326114406762189,0.24447973493204672,-2.9966141810479656,0.002729959812615456,0.031448020873774636,0.7326114406762189,-1.661644134295395,STMN1,3925
ENSG00000129993,22.611558268758113,-1.5097397309346192,0.503793856626212,-2.9967410500893923,0.0027288240257645484,0.031448020873774636,1.5097397309346192,-2.847586626645573,CBFA2T3,863
ENSG00000196923,171.16815297214083,0.8481973647917017,0.28328627790062605,2.994135018037269,0.0027522412177403382,0.031610769251202576,0.8481973647917017,1.800250122087386,PDLIM7,9260
ENSG00000110719,570.2871991518417,0.8377356472240378,0.2800905755476114,2.990945502490264,0.002781151222852533,0.03182109744905745,0.8377356472240378,1.7872428085906555,TCIRG1,10312
ENSG00000010818,433.78522888430916,-0.7295583195453798,0.24397171600440618,-2.9903397471377535,0.0027866730748453386,0.03185711467811358,0.7295583195453798,-1.6581313777199107,HIVEP2,3097
ENSG00000102096,434.8237884129747,0.7218868789241781,0.2416738459057551,2.987029383418222,0.0028170264555308173,0.03206857389275991,0.7218868789241781,1.649337768309843,PIM2,11040
ENSG00000140391,1806.0656398034419,0.590689770693418,0.19777492145485265,2.986676805877324,0.002820277035901916,0.03207857580617116,0.590689770693418,1.5059665969350917,TSPAN3,10099
ENSG00000259354,15.74682497124883,2.608536683688484,0.8745056455262722,2.9828700329529405,0.002855592267042293,0.032425717732560845,2.608536683688484,6.09884767554425,NA,NA
ENSG00000162413,292.0248711605598,-0.6622691338841532,0.22220652248479858,-2.9804216657477274,0.002878518487808014,0.03264462701477457,0.6622691338841532,-1.5825698022713468,KLHL21,9903
ENSG00000131203,8.545256241870998,4.892681926174158,1.6451223100051664,2.974053598579423,0.002938937344366578,0.033229605265415504,4.892681926174158,29.705989213660654,IDO1,3620
ENSG00000273341,21.58053852393281,1.5115047094373915,0.5084012839309078,2.9730544693958847,0.0029485212122882915,0.03328530957845313,1.5115047094373915,2.8510724671231493,NA,NA
ENSG00000205808,162.7761108973068,0.7140588473371968,0.24103042074787892,2.962525830231662,0.0030512620712695006,0.03424503589365039,0.7140588473371968,1.6404127332441474,PLPP6,403313
ENSG00000102962,88.02320880239962,2.9780501484736392,1.0065620451288413,2.958635449136615,0.0030900441046371636,0.034508469422884394,2.9780501484736392,7.879205421736699,CCL22,6367
ENSG00000279759,55.15592685213798,-1.0522046583897928,0.3566533988022584,-2.950216265773408,0.003175515649714336,0.03511502342333334,1.0522046583897928,-2.073696352392421,NA,NA
ENSG00000196730,3235.2143845362893,0.6102773322545212,0.20688750283424762,2.949802786026462,0.0031797682861757466,0.035133322142353596,0.6102773322545212,1.5265526331299757,DAPK1,1612
ENSG00000115232,2928.4796021906195,-1.2661186248446972,0.4302752421101817,-2.94257837991171,0.0032549137824176653,0.03584646090669096,1.2661186248446972,-2.4051362507356573,ITGA4,3676
ENSG00000169122,100.86968338658319,-0.6806902417154457,0.23144599016536696,-2.941032770665398,0.003271199244835125,0.0359965000709115,0.6806902417154457,-1.6029064648774531,FAM110B,90362
ENSG00000251230,14.12958043571436,4.61700141591319,1.5700150421584023,2.940737057885698,0.0032743234980397444,0.036001586168690654,4.61700141591319,24.538946638169072,MIR3945HG,NA
ENSG00000167553,1077.2764681164758,0.9934675853827075,0.3379965111342818,2.9392835507346855,0.003289719589336943,0.03608719825368149,0.9934675853827075,1.9909646216453147,TUBA1C,84790
ENSG00000136877,155.29001581372043,0.7566322439076181,0.2577296451678348,2.93575945993677,0.0033273222214246015,0.03646572586916233,0.7566322439076181,1.6895420342913292,FPGS,2356
ENSG00000271009,31.514853564578416,-1.1387147334351824,0.38863504009422484,-2.9300361932344035,0.003389225256792927,0.037024137619440664,1.1387147334351824,-2.201847778011793,NA,NA
ENSG00000076555,10.89017885868473,-1.9569357471966373,0.6687770568490625,-2.9261406729721315,0.0034319571271977873,0.03737019982948702,1.9569357471966373,-3.8823649676999943,ACACB,32
ENSG00000186918,96.43011295407983,-0.8600796147913223,0.2939614026390342,-2.9258249792999016,0.003435441518201484,0.037378045930938755,0.8600796147913223,-1.815138475866424,ZNF395,55893
ENSG00000166670,31.32683339088569,3.471207594363478,1.187375336680882,2.923429085251749,0.003461990743093243,0.037576214132899695,3.471207594363478,11.090154771002222,MMP10,4319
ENSG00000105518,56.321336135985106,0.9477443503453172,0.3248583965432056,2.9174075856748525,0.0035295422249284796,0.0381562982013851,0.9477443503453172,1.9288545403852555,TMEM205,374882
ENSG00000166033,115.34659929246241,-1.289173508461576,0.4421169463855833,-2.915910640840375,0.0035465206035675194,0.03824812172459899,1.289173508461576,-2.443880103559749,HTRA1,5654
ENSG00000070778,86.99361115002685,-1.0491628201056729,0.36004409353828437,-2.9139842561925344,0.0035684790260581,0.038370366642853426,1.0491628201056729,-2.0693286907721573,NA,11099
ENSG00000164715,163.121619366009,0.743752290883691,0.25520346698431107,2.9143502620574275,0.003564297515161812,0.038370366642853426,0.743752290883691,1.6745254361980073,LMTK2,22853
ENSG00000105088,26.142615692992003,-2.2921828205249573,0.7869122376519142,-2.9128824166779452,0.003581094176041097,0.038437077489507775,2.2921828205249573,-4.8979662080546005,NA,93145
ENSG00000179981,121.89101359249604,-0.6002343142141533,0.2061159167967359,-2.9121201484215447,0.00358984524189077,0.038474685193615486,0.6002343142141533,-1.5159627604520722,TSHZ1,10194
ENSG00000161544,14.798425575026348,-1.5818625367453705,0.5440077221708246,-2.9077942688626903,0.003639877089607626,0.03888285763021606,1.5818625367453705,-2.993560726742541,CYGB,114757
ENSG00000174791,50.96928165550215,0.9476968605265169,0.32615169792812504,2.9056934749895538,0.0036644022767422487,0.03905230606041148,0.9476968605265169,1.9287910484882147,RIN1,9610
ENSG00000170006,51.08961912926872,-1.3266123120070787,0.4567205642706693,-2.904647646259431,0.0036766674755452414,0.03915216609391641,1.3266123120070787,-2.5081303215565915,TMEM154,201799
ENSG00000186074,277.1485816442955,0.7053681823876066,0.24339959338075287,2.897984226638336,0.003755694776707787,0.039802393010536154,0.7053681823876066,1.6305607382858027,CD300LF,146722
ENSG00000204025,6.150500424680448,-2.6546997774611643,0.9160514731135688,-2.8979810145800005,0.0037557332407658875,0.039802393010536154,2.6546997774611643,-6.297153248639739,TRPC5OS,100329135
ENSG00000103253,20.449194656905885,-1.3493318222965303,0.4658295592078195,-2.8966212976934678,0.0037720478994212763,0.03988520390287204,1.3493318222965303,-2.5479409139785565,HAGHL,84264
ENSG00000247774,76.34970690231067,-0.6542773009297085,0.22595886231042062,-2.895559369700079,0.0037848342824741226,0.039989139715765655,0.6542773009297085,-1.5738273675577183,PCED1B-AS1,NA
ENSG00000247134,53.967890152832275,-1.0505620916991625,0.36302039816027193,-2.893947825034735,0.003804313705299244,0.04016357420020841,1.0505620916991625,-2.071336708701525,NA,NA
ENSG00000139289,2627.897527301947,0.772985738354099,0.26728783491170316,2.8919600422871845,0.003828466346214259,0.0403321560525152,0.772985738354099,1.7088025894652827,PHLDA1,22822
ENSG00000145730,508.1498226705864,-0.9448371226848725,0.32676147339784267,-2.891519348532569,0.0038338398473365897,0.04034929968512065,0.9448371226848725,-1.9249715485902201,PAM,5066
ENSG00000182179,140.19327623318185,-0.6197749366419404,0.21470124809137084,-2.8866852994640326,0.0038932342145280565,0.0408155810211453,0.6197749366419404,-1.5366354443368804,UBA7,7318
ENSG00000185567,29.815429613201598,1.4801603400858994,0.5128766084244176,2.885996974268383,0.0039017590831083694,0.04087326865992068,1.4801603400858994,2.7897973715387008,AHNAK2,113146
ENSG00000197380,138.74440317357931,-0.7610034708663529,0.26394381291600266,-2.8832025363994203,0.003936542453152153,0.04114204029090396,0.7610034708663529,-1.6946689469578569,DACT3,147906
ENSG00000153815,1335.3411205658592,0.589662126357741,0.20465504154697453,2.881248963624459,0.003961026269443596,0.04133404264502716,0.589662126357741,1.5048942656757278,CMIP,80790
ENSG00000085733,139.58271984817543,1.0814433704124682,0.3759844814547074,2.8762978892860054,0.004023697828435338,0.0418588380244304,1.0814433704124682,2.116152165212466,CTTN,2017
ENSG00000187676,76.4033487217471,-0.8885595898019183,0.30901606089828904,-2.8754479207939387,0.004034546966804847,0.04193944133671695,0.8885595898019183,-1.8513268059400685,B3GLCT,145173
ENSG00000155926,3395.2075248206247,0.6927899965539506,0.241150462311828,2.872853694379878,0.0040678245134897996,0.04218808184082519,0.6927899965539506,1.6164064310369037,SLA,6503
ENSG00000116260,899.1575651168059,0.6920944140321956,0.24126106794555782,2.868653529248123,0.004122230812662605,0.0426542077356152,0.6920944140321956,1.615627282965442,QSOX1,5768
ENSG00000167705,68.24186852594708,-0.7699304976705337,0.2686406064778717,-2.8660242685014707,0.004156623795205552,0.042911587943786175,0.7699304976705337,-1.7051876335567877,RILP,83547
ENSG00000152926,523.7818336936499,-0.6429544687285941,0.22465944851910685,-2.8619070907846194,0.004211003293576982,0.0433736546400115,0.6429544687285941,-1.5615237029482971,ZNF117,51351
ENSG00000152926,523.7818336936499,-0.6429544687285941,0.22465944851910685,-2.8619070907846194,0.004211003293576982,0.0433736546400115,0.6429544687285941,-1.5615237029482971,ZNF117,109504726
ENSG00000265972,4291.234894442434,-0.6931180385088513,0.24272910364491726,-2.8555209412497873,0.004296628928469882,0.044020916385323246,0.6931180385088513,-1.6167740135123914,TXNIP,10628
ENSG00000121316,210.46628091856246,-0.6555951417067117,0.22988999577144434,-2.8517776056618906,0.004347550574115578,0.04444767331585013,0.6555951417067117,-1.57526564896216,PLBD1,79887
ENSG00000123416,1516.9304965177428,0.8608658261069979,0.3023069167442629,2.84765507643098,0.004404263050164652,0.044885646940788816,0.8608658261069979,1.8161279235951258,TUBA1B,10376
ENSG00000179388,29.66676305808048,-1.580600656522158,0.5550302595422074,-2.8477738453861017,0.004402619843069034,0.044885646940788816,1.580600656522158,-2.9909434975877534,EGR3,1960
ENSG00000197070,91.63439100767955,0.7134493158852883,0.2507640597095864,2.8451019524550074,0.004439721026477909,0.04521294214012594,0.7134493158852883,1.639719813442239,ARRDC1,92714
ENSG00000168884,175.41278785508422,0.7493442680104606,0.2638450586918884,2.840092104531417,0.004510050991827369,0.04582564208375157,0.7493442680104606,1.6810285977745323,TNIP2,79155
ENSG00000235162,65.72356674432254,-1.3525559787322536,0.47659808974595524,-2.837938312873258,0.004540595700369142,0.0460667788835651,1.3525559787322536,-2.553641457865032,C12orf75,387882
ENSG00000185483,14.783054887849332,-1.8335048805828988,0.6464449856357912,-2.836289121772073,0.0045641107947418415,0.04627064047083108,1.8335048805828988,-3.564018635885291,ROR1,4919
ENSG00000088882,15.443551167947007,-1.6008182911817717,0.5645499044835506,-2.8355656045078916,0.004574461878283847,0.04633002909859094,1.6008182911817717,-3.0331530381675122,CPXM1,56265
ENSG00000161911,127.08351743533996,-0.8676151163643546,0.3059938009813064,-2.8354009577382207,0.004576820384184967,0.04633002909859094,0.8676151163643546,-1.82464413175056,TREML1,340205
ENSG00000175445,3359.534365010556,-1.3476857180505692,0.4756461365425964,-2.8333788808770812,0.004605875865458877,0.04655445829930183,1.3476857180505692,-2.5450353903675254,LPL,4023
ENSG00000166394,14.53705059541435,2.2783310868519173,0.8048928541351081,2.8306017069813367,0.004646053701296892,0.04689047034055161,2.2783310868519173,4.85116445154386,CYB5R2,51700
ENSG00000092345,7.368354637537201,4.900428130366875,1.7362628645142242,2.8223998972286544,0.004766569994283483,0.04796850679575292,4.900428130366875,29.865917344925023,DAZL,1618
ENSG00000120949,16.14405980427238,1.5679489512201403,0.5555839577748555,2.822163831907355,0.004770080217935205,0.04796850679575292,1.5679489512201403,2.964829109294074,TNFRSF8,943
ENSG00000138061,21057.34922250673,0.7577589543533224,0.2685061693022727,2.8221286547061415,0.004770603493070666,0.04796850679575292,0.7577589543533224,1.6908620417362943,CYP1B1,1545
ENSG00000154889,188.7822968252894,-0.6237754604360292,0.22179912371571384,-2.8123441156401485,0.004918185598214284,0.04908748489317342,0.6237754604360292,-1.540902373601175,MPPE1,65258
ENSG00000134986,207.52530170517434,-0.6218398412246775,0.2214538941349978,-2.807987837168514,0.004985210961466619,0.0496033775384283,0.6218398412246775,-1.5388363789064796,NREP,9315
ENSG00000185033,195.85462420053838,0.8875378607350222,0.3161245834707663,2.807557232628501,0.004991880865853365,0.0496033775384283,0.8875378607350222,1.8500161444995813,SEMA4B,10509
ENSG00000105516,68.69937881525932,-0.785947297242289,0.28000633553973103,-2.806891121685953,0.005002214574349352,0.04963312538774809,0.785947297242289,-1.7242241016542008,DBP,1628
